date, pm25, pm10, o3, no2, so2, co
2024/11/1, 55, 24, , 13, , 
2024/11/2, 61, 25, , 11, , 
2024/11/3, 65, 27, , 18, , 
2024/11/4, 70, 29, , 16, , 
2024/11/5, 72, 26, , 20, , 
2024/11/6, 70, 26, , 21, , 
2024/11/7, 65, 20, , , , 
2024/11/10, 72, , , , , 
2024/10/1, 25, 14, , 12, , 
2024/10/2, 25, 5, , 6, , 
2024/10/3, 9, 6, , 9, , 
2024/10/4, 13, 10, , 10, , 
2024/10/5, 21, 12, , 11, , 
2024/10/6, 30, 8, , 6, , 
2024/10/7, 17, 14, , 8, , 
2024/10/8, 21, 16, , 17, , 
2024/10/9, 21, 19, , 10, , 
2024/10/10, 21, 19, , 10, , 
2024/10/11, 21, 17, , 12, , 
2024/10/12, 30, 17, , 7, , 
2024/10/13, 34, 18, , 11, , 
2024/10/14, 38, 18, , 11, , 
2024/10/15, 34, 20, , 7, , 
2024/10/16, 42, 14, , 5, , 
2024/10/17, 25, 9, , 9, , 
2024/10/18, 13, 14, , 11, , 
2024/10/19, 25, 10, , 6, , 
2024/10/20, 25, 17, , 16, , 
2024/10/21, 46, 17, , 12, , 
2024/10/22, 42, 13, , 11, , 
2024/10/23, 30, 9, , 8, , 
2024/10/24, 17, 11, , 6, , 
2024/10/25, 25, 17, , 7, , 
2024/10/26, 38, 23, , 8, , 
2024/10/27, 55, 27, , 15, , 
2024/10/28, 55, 23, , 17, , 
2024/10/29, 55, 23, , 13, , 
2024/10/30, 53, 23, , 16, , 
2024/10/31, 53, 20, , 12, , 
2024/7/1, 34, 15, , 3, , 
2024/7/2, 34, 15, , 6, , 
2024/7/3, 38, 14, , 4, , 
2024/7/4, 34, 12, , 5, , 
2024/7/5, 30, 13, , 4, , 
2024/7/6, 38, 20, , 7, , 
2024/7/7, 53, 16, , 5, , 
2024/7/8, 42, 15, , 5, , 
2024/7/9, 38, 17, , 6, , 
2024/7/10, 50, 20, , 5, , 
2024/7/11, 42, 20, , 5, , 
2024/7/12, 50, 18, , 4, , 
2024/7/13, 42, 13, , 8, , 
2024/7/14, 34, 14, , 6, , 
2024/7/15, 42, 15, , 5, , 
2024/7/16, 34, 16, , 6, , 
2024/7/17, 46, 17, , 7, , 
2024/7/18, 38, 18, , 7, , 
2024/7/19, 42, 16, , 6, , 
2024/7/20, 42, 16, , 6, , 
2024/7/21, 42, 18, , 11, , 
2024/7/22, 42, 19, , 9, , 
2024/7/23, 42, 20, , 4, , 
2024/7/24, 38, 18, , 6, , 
2024/7/25, 46, 18, , 7, , 
2024/7/26, 50, 19, , 7, , 
2024/7/27, 42, 18, , 4, , 
2024/7/28, 38, 18, , 7, , 
2024/7/29, 46, 20, , 8, , 
2024/7/30, 46, 21, , 6, , 
2024/7/31, 53, 20, , 5, , 
2024/8/1, 53, 20, , , , 
2024/8/3, 53, 18, , 8, , 
2024/8/4, 50, 19, , 8, , 
2024/8/5, 50, 16, , 5, , 
2024/8/6, 46, 15, , 4, , 
2024/8/7, 38, 14, , 3, , 
2024/8/8, 46, 17, , 7, , 
2024/8/9, 50, 19, , 6, , 
2024/8/10, 55, 19, , 5, , 
2024/8/11, 53, 19, , 7, , 
2024/8/12, 55, 15, , 6, , 
2024/8/13, 46, 16, , 4, , 
2024/8/14, 46, 24, , 7, , 
2024/8/15, 55, 20, , 6, , 
2024/8/16, 53, 18, , 19, , 
2024/8/17, 38, 12, , 15, , 
2024/8/18, 25, 13, , 7, , 
2024/8/19, 21, 10, , 6, , 
2024/8/20, 25, , , 8, , 
2024/8/22, 50, 18, , 7, , 
2024/8/23, 50, 16, , 10, , 
2024/8/24, 46, 15, , 6, , 
2024/8/25, 46, 16, , 5, , 
2024/8/26, 46, 20, , 9, , 
2024/8/27, 55, 17, , 6, , 
2024/8/28, 53, 20, , 9, , 
2024/8/29, 57, 22, , 9, , 
2024/8/30, 59, 25, , 15, , 
2024/8/31, 59, 24, , 10, , 
2024/9/1, 59, 23, , 11, , 
2024/9/2, 59, 17, , 6, , 
2024/9/3, 53, 19, , 7, , 
2024/9/4, 46, 10, , 6, , 
2024/9/5, 21, 12, , 11, , 
2024/9/6, 21, 20, , 6, , 
2024/9/7, 34, 23, , 4, , 
2024/9/8, 34, 14, , 6, , 
2024/9/9, 21, 15, , 8, , 
2024/9/10, 25, 17, , 5, , 
2024/9/11, 30, 22, , 5, , 
2024/9/12, 25, 8, , 13, , 
2024/9/13, 13, 10, , 14, , 
2024/9/14, 25, 13, , 8, , 
2024/9/15, 25, 13, , 7, , 
2024/9/16, 34, 6, , 4, , 
2024/9/17, 17, 5, , 8, , 
2024/9/18, 13, 10, , 11, , 
2024/9/19, 21, 17, , 8, , 
2024/9/20, 42, 17, , 10, , 
2024/9/21, 50, 17, , 7, , 
2024/9/22, 53, 13, , 10, , 
2024/9/23, 38, 14, , 3, , 
2024/9/24, 30, 13, , 15, , 
2024/9/25, 30, 22, , 8, , 
2024/9/26, 53, 20, , 13, , 
2024/9/27, 34, 18, , 10, , 
2024/9/28, 34, 15, , 15, , 
2024/9/29, 30, 14, , 15, , 
2024/9/30, 25, 11, , 12, , 
2024/4/1, 30, 18, , 10, , 
2024/4/2, 17, 16, , 9, , 
2024/4/3, 30, 18, , 14, , 
2024/4/4, 34, 16, , 9, , 
2024/4/5, 34, 13, , 12, , 
2024/4/6, 34, 12, , 9, , 
2024/4/7, 34, 20, , 15, , 
2024/4/8, 53, 20, , 17, , 
2024/4/9, 50, 11, , 11, , 
2024/4/10, 21, 16, , 10, , 
2024/4/11, 34, 20, , 6, , 
2024/4/12, 50, 22, , 14, , 
2024/4/13, 61, 22, , 8, , 
2024/4/14, 59, 20, , 10, , 
2024/4/15, 50, 26, , 7, , 
2024/4/16, 38, 14, , 9, , 
2024/4/17, 30, 8, , 8, , 
2024/4/18, 21, 6, , 12, , 
2024/4/19, 21, 10, , 5, , 
2024/4/20, 25, 7, , 9, , 
2024/4/21, 25, 5, , 5, , 
2024/4/22, 13, 5, , 12, , 
2024/4/23, 9, 7, , 8, , 
2024/4/24, 21, 10, , 8, , 
2024/4/25, 25, , , , , 
2024/4/27, 34, 19, , 9, , 
2024/4/28, 38, 21, , 16, , 
2024/4/29, 42, , , , , 
2024/5/3, 13, 18, , 5, , 
2024/5/4, 21, 12, , 7, , 
2024/5/5, 21, 11, , 9, , 
2024/5/6, 30, 10, , 6, , 
2024/5/7, 30, 12, , 6, , 
2024/5/8, 30, 12, , 11, , 
2024/5/9, 25, 12, , 8, , 
2024/5/10, 30, 14, , 6, , 
2024/5/11, 34, 14, , 6, , 
2024/5/12, 42, 14, , 6, , 
2024/5/13, 34, 14, , 11, , 
2024/5/14, 38, 18, , 9, , 
2024/5/15, 46, 17, , 7, , 
2024/5/16, 38, 10, , 7, , 
2024/5/17, 17, 13, , 7, , 
2024/5/18, 25, 20, , 6, , 
2024/5/19, 38, 31, , 6, , 
2024/5/20, 42, 13, , 5, , 
2024/5/21, 17, 16, , 3, , 
2024/5/22, 21, 14, , 6, , 
2024/5/23, 21, 13, , 6, , 
2024/5/24, 30, 11, , 6, , 
2024/5/25, 25, 11, , 7, , 
2024/5/26, 34, 12, , 4, , 
2024/5/27, 30, 13, , 6, , 
2024/5/28, 21, 14, , 4, , 
2024/5/29, 34, 15, , 6, , 
2024/5/30, 30, 16, , 5, , 
2024/5/31, 17, 14, , 5, , 
2024/6/1, 21, 13, , 5, , 
2024/6/2, 21, 12, , 7, , 
2024/6/3, 21, 10, , 6, , 
2024/6/4, 25, 12, , 6, , 
2024/6/5, 30, 10, , 6, , 
2024/6/6, 25, 11, , 5, , 
2024/6/7, 30, 16, , 11, , 
2024/6/8, 42, 20, , 6, , 
2024/6/9, 50, 24, , 2, , 
2024/6/10, 34, 20, , 5, , 
2024/6/11, 34, 19, , 6, , 
2024/6/12, 30, 19, , 6, , 
2024/6/13, 25, 13, , 5, , 
2024/6/14, 25, 13, , 4, , 
2024/6/15, 30, 12, , 5, , 
2024/6/16, 21, 12, , 8, , 
2024/6/17, 25, 15, , 7, , 
2024/6/18, 34, 26, , 10, , 
2024/6/19, 53, , , 9, , 
2024/6/20, 72, , , 14, , 
2024/6/21, 63, 20, , 2, , 
2024/6/22, 21, 11, , 6, , 
2024/6/23, 17, 9, , 6, , 
2024/6/24, 17, 10, , 4, , 
2024/6/25, 21, 10, , 7, , 
2024/6/26, 21, 10, , 6, , 
2024/6/27, 30, 13, , 7, , 
2024/6/28, 42, 19, , 8, , 
2024/6/29, 55, 18, , 6, , 
2024/6/30, 30, 17, , 6, , 
2024/1/1, 38, 19, , 10, , 
2024/1/2, 42, 16, , 13, , 
2024/1/3, 17, 25, , 17, , 
2024/1/4, 34, 17, , 8, , 
2024/1/5, 42, 9, , 14, , 
2024/1/6, 25, 11, , 10, , 
2024/1/7, 42, 12, , 21, , 
2024/1/8, 34, 11, , 21, , 
2024/1/9, 34, 16, , 21, , 
2024/1/10, 50, 15, , 19, , 
2024/1/11, 46, 29, , 28, , 
2024/1/12, 74, 42, , 27, , 
2024/1/13, 104, 34, , 15, , 
2024/1/14, 89, 24, , 19, , 
2024/1/15, 65, 29, , 27, , 
2024/1/16, 65, 27, , 22, , 
2024/1/17, 68, 29, , 5, , 
2024/1/18, 38, 20, , 11, , 
2024/1/19, 30, 6, , 17, , 
2024/1/20, 17, 24, , 20, , 
2024/1/21, 70, 32, , 22, , 
2024/1/22, 82, 20, , 18, , 
2024/1/23, 53, 41, , 18, , 
2024/1/24, 95, 43, , 18, , 
2024/1/25, 93, 29, , 16, , 
2024/1/26, 72, 32, , 18, , 
2024/1/27, 80, 24, , 28, , 
2024/1/28, 70, 30, , 26, , 
2024/1/29, 76, 44, , 31, , 
2024/1/30, 104, 35, , 28, , 
2024/1/31, 91, 46, , 23, , 
2024/2/1, 117, 44, , 25, , 
2024/2/2, 112, 39, , 25, , 
2024/2/3, 95, 38, , 17, , 
2024/2/4, 87, 33, , 21, , 
2024/2/5, 74, 31, , 23, , 
2024/2/6, 65, 30, , 15, , 
2024/2/7, 65, 31, , 21, , 
2024/2/8, 65, 29, , 10, , 
2024/2/9, 57, 40, , 6, , 
2024/2/10, 57, 19, , 9, , 
2024/2/11, 34, 19, , 19, , 
2024/2/12, 42, 23, , 21, , 
2024/2/13, 57, 25, , 27, , 
2024/2/14, 63, 28, , 22, , 
2024/2/15, 74, 42, , 21, , 
2024/2/16, 102, 37, , 25, , 
2024/2/17, 93, 30, , 13, , 
2024/2/18, 80, 25, , 22, , 
2024/2/19, 70, 30, , 20, , 
2024/2/20, 78, 25, , 29, , 
2024/2/21, 68, 23, , 17, , 
2024/2/22, 61, 14, , 12, , 
2024/2/23, 25, 13, , 8, , 
2024/2/24, 25, 10, , 17, , 
2024/2/25, 30, 9, , 6, , 
2024/2/26, 25, 9, , 5, , 
2024/2/27, 17, 20, , 11, , 
2024/2/28, 38, 15, , 2, , 
2024/2/29, 30, 11, , 11, , 
2024/3/1, 21, 13, , 12, , 
2024/3/2, 30, 10, , 4, , 
2024/3/3, 17, , , 17, , 
2024/3/5, 38, 12, , 12, , 
2024/3/6, 17, 16, , 23, , 
2024/3/7, 46, 14, , 12, , 
2024/3/8, 46, 9, , 12, , 
2024/3/9, 25, 11, , 8, , 
2024/3/10, 25, 14, , 9, , 
2024/3/11, 34, 14, , 22, , 
2024/3/12, 34, 20, , 22, , 
2024/3/13, 50, 20, , 17, , 
2024/3/14, 53, 17, , 18, , 
2024/3/15, 50, 15, , 20, , 
2024/3/16, 42, 20, , 17, , 
2024/3/17, 55, 22, , 25, , 
2024/3/18, 61, 21, , 18, , 
2024/3/19, 63, 18, , 20, , 
2024/3/20, 55, 16, , 11, , 
2024/3/21, 50, 20, , 19, , 
2024/3/22, 57, 20, , 11, , 
2024/3/23, 57, 25, , 13, , 
2024/3/24, 42, 20, , 17, , 
2024/3/25, 50, 14, , 18, , 
2024/3/26, 38, 10, , 6, , 
2024/3/27, 17, 20, , 5, , 
2024/3/28, 25, , , 10, , 
2024/3/29, 104, , , 9, , 
2024/3/30, 161, , , 6, , 
2024/3/31, 65, 36, , 6, , 
2023/10/1, 59, 24, , 20, , 
2023/10/2, 59, 20, , 15, , 
2023/10/3, 46, 19, , 8, , 
2023/10/4, 53, 25, , 20, , 
2023/10/5, 61, 21, , 13, , 
2023/10/6, 57, 22, , 15, , 
2023/10/7, 59, 22, , 14, , 
2023/10/8, 63, 19, , 11, , 
2023/10/9, 50, 19, , 15, , 
2023/10/10, 42, 20, , 15, , 
2023/10/11, 50, 23, , 14, , 
2023/10/12, 55, 20, , 17, , 
2023/10/13, 55, 28, , 13, , 
2023/10/14, 53, 20, , 13, , 
2023/10/15, 30, 12, , 10, , 
2023/10/16, 25, 17, , 15, , 
2023/10/17, 25, 10, , 10, , 
2023/10/18, 21, 18, , 16, , 
2023/10/19, 30, 30, , 10, , 
2023/10/20, 34, 11, , 8, , 
2023/10/21, 21, 17, , 15, , 
2023/10/22, 30, 16, , 9, , 
2023/10/23, 21, 26, , 13, , 
2023/10/24, 30, 12, , 8, , 
2023/10/25, 17, 14, , 17, , 
2023/10/26, 17, 20, , 6, , 
2023/10/27, 25, 17, , 16, , 
2023/10/28, 17, 16, , 6, , 
2023/10/29, 34, 16, , 6, , 
2023/10/30, 25, 17, , 5, , 
2023/10/31, 21, 15, , 8, , 
2023/11/1, 34, 14, , 9, , 
2023/11/2, 13, 14, , 9, , 
2023/11/3, 17, 11, , 9, , 
2023/11/4, 21, 19, , 2, , 
2023/11/5, 21, 18, , 19, , 
2023/11/6, 21, 10, , 6, , 
2023/11/7, 17, 20, , 24, , 
2023/11/8, 38, 12, , 12, , 
2023/11/9, 34, 12, , 13, , 
2023/11/10, 21, 20, , 16, , 
2023/11/11, 42, 17, , 11, , 
2023/11/12, 38, 18, , 20, , 
2023/11/13, 46, 29, , 20, , 
2023/11/14, 57, 26, , , , 
2023/11/15, 42, 20, , 10, , 
2023/11/16, 46, 25, , 22, , 
2023/11/17, 34, 23, , 18, , 
2023/11/18, 61, 27, , 12, , 
2023/11/19, 70, 21, , 17, , 
2023/11/20, 55, 19, , 13, , 
2023/11/21, 46, 6, , 6, , 
2023/11/22, 17, 15, , 23, , 
2023/11/23, 42, 31, , 26, , 
2023/11/24, 76, 21, , 27, , 
2023/11/25, 63, 29, , 18, , 
2023/11/26, 78, 25, , 17, , 
2023/11/27, 68, 22, , 28, , 
2023/11/28, 55, 29, , 19, , 
2023/11/29, 74, 17, , 17, , 
2023/11/30, 42, 45, , 24, , 
2023/12/1, 50, 27, , 4, , 
2023/12/2, 30, 10, , 20, , 
2023/12/3, 25, 12, , 20, , 
2023/12/4, 42, 12, , 18, , 
2023/12/5, 46, 20, , 17, , 
2023/12/6, 61, 20, , 18, , 
2023/12/7, 61, 17, , 14, , 
2023/12/8, 57, 19, , 20, , 
2023/12/9, 57, 16, , 17, , 
2023/12/10, 46, 20, , 18, , 
2023/12/11, 57, 19, , 18, , 
2023/12/12, 34, 16, , 9, , 
2023/12/13, 25, 16, , 21, , 
2023/12/14, 34, 26, , 21, , 
2023/12/15, 61, 9, , 13, , 
2023/12/16, 21, 22, , 22, , 
2023/12/17, 61, , , 31, , 
2023/12/18, 104, , , 26, , 
2023/12/19, 114, , , 21, , 
2023/12/20, 127, , , 22, , 
2023/12/21, 129, 36, , 28, , 
2023/12/22, 72, 27, , 21, , 
2023/12/23, 38, 36, , 19, , 
2023/12/24, 68, 37, , 17, , 
2023/12/25, 76, 24, , 18, , 
2023/12/26, 63, 30, , 22, , 
2023/12/27, 74, 38, , 18, , 
2023/12/28, 91, 46, , , , 
2023/12/30, 61, 22, , 14, , 
2023/12/31, 63, 20, , 12, , 
2023/7/1, 34, 15, , 7, , 
2023/7/2, 30, 16, , 5, , 
2023/7/3, 38, 17, , 5, , 
2023/7/4, 38, 15, , 5, , 
2023/7/5, 34, 16, , 7, , 
2023/7/6, 42, 17, , 7, , 
2023/7/7, 42, 18, , 15, , 
2023/7/8, 42, 20, , 11, , 
2023/7/9, 55, 23, , 13, , 
2023/7/10, 57, 29, , 6, , 
2023/7/11, 53, 31, , 6, , 
2023/7/12, 50, 34, , 6, , 
2023/7/13, 50, 30, , 5, , 
2023/7/14, 53, 25, , 6, , 
2023/7/15, 50, 28, , 5, , 
2023/7/16, 55, 23, , 6, , 
2023/7/17, 50, 22, , 6, , 
2023/7/18, 46, 29, , 7, , 
2023/7/19, 53, 30, , 6, , 
2023/7/20, 55, 20, , 4, , 
2023/7/21, 46, 21, , 7, , 
2023/7/22, 38, 18, , 6, , 
2023/7/23, 42, 37, , 8, , 
2023/7/24, 59, 31, , 6, , 
2023/7/25, 42, 23, , 5, , 
2023/7/26, 21, 16, , 8, , 
2023/7/27, 25, 15, , 6, , 
2023/7/28, 30, 13, , 9, , 
2023/7/29, 34, 14, , 6, , 
2023/7/30, 30, 16, , 7, , 
2023/7/31, 30, 19, , 4, , 
2023/8/1, 30, 20, , 5, , 
2023/8/2, 30, 17, , 8, , 
2023/8/3, 30, 18, , 4, , 
2023/8/4, 25, 9, , 6, , 
2023/8/5, 17, 20, , 6, , 
2023/8/6, 25, 16, , 7, , 
2023/8/7, 21, 11, , 11, , 
2023/8/8, 25, 11, , 8, , 
2023/8/9, 25, 13, , 6, , 
2023/8/10, 30, 16, , 7, , 
2023/8/11, 38, 14, , 9, , 
2023/8/12, 38, 14, , 5, , 
2023/8/13, 38, 17, , 5, , 
2023/8/14, 46, 17, , 6, , 
2023/8/15, 50, 17, , 5, , 
2023/8/16, 50, 19, , 6, , 
2023/8/17, 53, 22, , 10, , 
2023/8/18, 53, 23, , 8, , 
2023/8/19, 53, 22, , 6, , 
2023/8/20, 55, 21, , 6, , 
2023/8/21, 55, 22, , 10, , 
2023/8/22, 55, 21, , 13, , 
2023/8/23, 53, 21, , 10, , 
2023/8/24, 53, , , 9, , 
2023/8/26, 53, 23, , 8, , 
2023/8/27, 55, 10, , 7, , 
2023/8/28, 25, 8, , 8, , 
2023/8/29, 17, 11, , 11, , 
2023/8/30, 21, 16, , 11, , 
2023/8/31, 25, 15, , 10, , 
2023/9/1, 30, 15, , 8, , 
2023/9/2, 34, 18, , 10, , 
2023/9/3, 46, 18, , 11, , 
2023/9/4, 50, 11, , 4, , 
2023/9/5, 25, 13, , 7, , 
2023/9/6, 34, 16, , 12, , 
2023/9/7, 42, 20, , 16, , 
2023/9/8, 53, 23, , 12, , 
2023/9/9, 59, 20, , 14, , 
2023/9/10, 55, 22, , 17, , 
2023/9/11, 59, 20, , 15, , 
2023/9/12, 59, 18, , 14, , 
2023/9/13, 53, 18, , 9, , 
2023/9/14, 50, 18, , 11, , 
2023/9/15, 50, 18, , 8, , 
2023/9/16, 46, 21, , 6, , 
2023/9/17, 55, 25, , 11, , 
2023/9/18, 53, 26, , 9, , 
2023/9/19, 34, 16, , 12, , 
2023/9/20, 30, 17, , 13, , 
2023/9/21, 34, 19, , 8, , 
2023/9/22, 30, 17, , 11, , 
2023/9/23, 21, 10, , 8, , 
2023/9/24, 21, 10, , 13, , 
2023/9/25, 25, 17, , 13, , 
2023/9/26, 42, 21, , 16, , 
2023/9/27, 53, 30, , 22, , 
2023/9/28, 61, 27, , 19, , 
2023/9/29, 61, 27, , 14, , 
2023/9/30, 65, 23, , 8, , 
2023/4/1, 34, 18, , 8, , 
2023/4/2, 30, 10, , 10, , 
2023/4/3, 30, 9, , 7, , 
2023/4/4, 21, 11, , 21, , 
2023/4/5, 30, 14, , 16, , 
2023/4/6, 38, 16, , 11, , 
2023/4/7, 46, 13, , 14, , 
2023/4/8, 42, 14, , 8, , 
2023/4/9, 46, 10, , 12, , 
2023/4/10, 34, 15, , 14, , 
2023/4/11, 42, 15, , 13, , 
2023/4/12, 34, 13, , 11, , 
2023/4/13, 17, 11, , 9, , 
2023/4/14, 13, 9, , 6, , 
2023/4/15, 17, 9, , 6, , 
2023/4/16, 21, 10, , 10, , 
2023/4/17, 30, 14, , 15, , 
2023/4/18, 38, 10, , 14, , 
2023/4/19, 25, 12, , 9, , 
2023/4/20, 34, 11, , 7, , 
2023/4/21, 34, 13, , 9, , 
2023/4/22, 42, 14, , 6, , 
2023/4/23, 38, 20, , 7, , 
2023/4/24, 30, 18, , 6, , 
2023/4/25, 30, 10, , 15, , 
2023/4/26, 25, 18, , 18, , 
2023/4/27, 34, 13, , 13, , 
2023/4/28, 30, 15, , 8, , 
2023/4/29, 30, 14, , 12, , 
2023/4/30, 38, 9, , 5, , 
2023/5/1, 30, 9, , 9, , 
2023/5/2, 21, 6, , 6, , 
2023/5/3, 17, 10, , 8, , 
2023/5/4, 25, 11, , 8, , 
2023/5/5, 30, 11, , 10, , 
2023/5/6, 25, 12, , 7, , 
2023/5/7, 38, 12, , 8, , 
2023/5/8, 34, 14, , 5, , 
2023/5/9, 42, 8, , 9, , 
2023/5/10, 21, 10, , 9, , 
2023/5/11, 17, 10, , 9, , 
2023/5/12, 17, 8, , 5, , 
2023/5/13, 17, 6, , 9, , 
2023/5/14, 13, 9, , 7, , 
2023/5/15, 17, 9, , 10, , 
2023/5/16, 17, 8, , 10, , 
2023/5/17, 13, 8, , 6, , 
2023/5/18, 17, 10, , 7, , 
2023/5/19, 17, 10, , 4, , 
2023/5/20, 30, 16, , 5, , 
2023/5/21, 42, 18, , 9, , 
2023/5/22, 46, 20, , 9, , 
2023/5/23, 55, 19, , 10, , 
2023/5/24, 46, 23, , 9, , 
2023/5/25, 50, 18, , 8, , 
2023/5/26, 46, 20, , 9, , 
2023/5/27, 53, 18, , 7, , 
2023/5/28, 53, 19, , 8, , 
2023/5/29, 53, 18, , 7, , 
2023/5/30, 46, 17, , 13, , 
2023/5/31, 38, 14, , 8, , 
2023/6/1, 38, 13, , 5, , 
2023/6/2, 34, 12, , 4, , 
2023/6/3, 34, 12, , 4, , 
2023/6/4, 34, 10, , 10, , 
2023/6/5, 25, 11, , 5, , 
2023/6/6, 21, 12, , 6, , 
2023/6/7, 34, 11, , 6, , 
2023/6/8, 30, 13, , 5, , 
2023/6/9, 30, 13, , 5, , 
2023/6/10, 30, 14, , 4, , 
2023/6/11, 30, 14, , 6, , 
2023/6/12, 34, 11, , 8, , 
2023/6/13, 30, , , , , 
2023/6/17, 46, 18, , 6, , 
2023/6/18, 53, 17, , 7, , 
2023/6/19, 46, 17, , 9, , 
2023/6/20, 42, 20, , 10, , 
2023/6/21, 50, 21, , 13, , 
2023/6/22, 50, 20, , 11, , 
2023/6/23, 38, 17, , 7, , 
2023/6/24, 42, 11, , 7, , 
2023/6/25, 25, 16, , 8, , 
2023/6/26, 42, 19, , 10, , 
2023/6/27, 50, 20, , 7, , 
2023/6/28, 53, 14, , 10, , 
2023/6/29, 38, 17, , 9, , 
2023/6/30, 42, 12, , 4, , 
2023/1/2, 59, , , , , 
2023/1/4, 76, 34, , 20, , 
2023/1/5, 78, 28, , 13, , 
2023/1/6, 70, 29, , 11, , 
2023/1/7, 78, 19, , 7, , 
2023/1/8, 50, 19, , 20, , 
2023/1/9, 34, 28, , 22, , 
2023/1/10, 57, 33, , 20, , 
2023/1/11, 82, 20, , 19, , 
2023/1/12, 57, 32, , 18, , 
2023/1/13, 85, 37, , 19, , 
2023/1/14, 82, 29, , 11, , 
2023/1/15, 74, 14, , 18, , 
2023/1/16, 17, 7, , 12, , 
2023/1/17, 17, 11, , 14, , 
2023/1/18, 25, 10, , 22, , 
2023/1/19, 30, 15, , 15, , 
2023/1/20, 50, 16, , 22, , 
2023/1/21, 46, 7, , 11, , 
2023/1/22, 21, 7, , 17, , 
2023/1/23, 21, 11, , 21, , 
2023/1/24, 21, 11, , 24, , 
2023/1/25, 34, 15, , 22, , 
2023/1/26, 46, 15, , 17, , 
2023/1/27, 46, 9, , 11, , 
2023/1/28, 30, 17, , 19, , 
2023/1/29, 57, 30, , 20, , 
2023/1/30, 74, 34, , 26, , 
2023/1/31, 63, 41, , 28, , 
2023/2/1, 93, 37, , 25, , 
2023/2/2, 78, 33, , 22, , 
2023/2/3, 74, 28, , 21, , 
2023/2/4, 68, 14, , 15, , 
2023/2/5, 46, 7, , 4, , 
2023/2/6, 17, 10, , 17, , 
2023/2/7, 30, 12, , 10, , 
2023/2/8, 38, 14, , 19, , 
2023/2/9, 46, 36, , 27, , 
2023/2/10, 89, 43, , 31, , 
2023/2/11, 107, , , 25, , 
2023/2/12, 124, 45, , 27, , 
2023/2/13, 114, 44, , 30, , 
2023/2/14, 102, 40, , 18, , 
2023/2/15, 95, , , 28, , 
2023/2/16, 122, 40, , 27, , 
2023/2/17, 97, 33, , 22, , 
2023/2/18, 85, 23, , 20, , 
2023/2/19, 61, 27, , 20, , 
2023/2/20, 63, 31, , 17, , 
2023/2/21, 82, 32, , 23, , 
2023/2/22, 85, 27, , 20, , 
2023/2/23, 70, 28, , 16, , 
2023/2/24, 65, 32, , 17, , 
2023/2/25, 65, 10, , 8, , 
2023/2/26, 21, 3, , 3, , 
2023/2/27, 9, , , 3, , 
2023/3/1, 30, 10, , 19, , 
2023/3/2, 30, 17, , 25, , 
2023/3/3, 42, 27, , 28, , 
2023/3/4, 65, 32, , 17, , 
2023/3/5, 68, 18, , 19, , 
2023/3/6, 46, 19, , 26, , 
2023/3/7, 42, 16, , 17, , 
2023/3/8, 34, 23, , 18, , 
2023/3/9, 46, 27, , 9, , 
2023/3/10, 38, 33, , 14, , 
2023/3/11, 42, 28, , 14, , 
2023/3/12, 55, 20, , 14, , 
2023/3/13, 46, 20, , 11, , 
2023/3/14, 30, 14, , 14, , 
2023/3/15, 34, 13, , 16, , 
2023/3/16, 34, 20, , 27, , 
2023/3/17, 57, 19, , 15, , 
2023/3/18, 50, 21, , 9, , 
2023/3/19, 57, 14, , 16, , 
2023/3/20, 34, 21, , 15, , 
2023/3/21, 59, 18, , 14, , 
2023/3/22, 50, 15, , 17, , 
2023/3/23, 42, 13, , 13, , 
2023/3/24, 42, 19, , 9, , 
2023/3/25, 30, 19, , 6, , 
2023/3/26, 25, 15, , 15, , 
2023/3/27, 17, 8, , 19, , 
2023/3/28, 21, 16, , 16, , 
2023/3/29, 42, 16, , 13, , 
2023/3/30, 30, 20, , 12, , 
2023/3/31, 34, 25, , 6, , 
2022/10/1, 17, 20, , 7, , 
2022/10/2, 30, 20, , 12, , 
2022/10/3, 30, , , 18, , 
2022/10/7, 57, 20, , 15, , 
2022/10/8, 55, 18, , 10, , 
2022/10/9, 55, 20, , 15, , 
2022/10/10, 55, 21, , 17, , 
2022/10/11, 55, 26, , 20, , 
2022/10/12, 59, 29, , 22, , 
2022/10/13, 63, 26, , 17, , 
2022/10/14, 61, 23, , 15, , 
2022/10/15, 54, , , 12, , 
2022/10/16, 55, , , 17, , 
2022/10/17, 57, , , 17, , 
2022/10/18, 55, , , 14, , 
2022/10/19, 55, , , 22, , 
2022/10/20, 59, 20, , 12, , 
2022/10/21, 50, 23, , 7, , 
2022/10/22, 38, 24, , 7, , 
2022/10/23, 46, 24, , 10, , 
2022/10/24, 50, 40, , 13, , 
2022/10/25, 55, , , 12, , 
2022/10/26, 57, 45, , 15, , 
2022/10/27, 59, , , 26, , 
2022/11/1, 63, 23, , 17, , 
2022/11/2, 55, 15, , 13, , 
2022/11/3, 34, 14, , 10, , 
2022/11/4, 17, 12, , 15, , 
2022/11/5, 25, 16, , 20, , 
2022/11/6, 50, 20, , 22, , 
2022/11/7, 55, 21, , 24, , 
2022/11/8, 53, 15, , 14, , 
2022/11/9, 34, 17, , 19, , 
2022/11/10, 42, 18, , 17, , 
2022/11/11, 42, 33, , 15, , 
2022/11/12, 76, 12, , 14, , 
2022/11/13, 34, 24, , 21, , 
2022/11/14, 63, 14, , 11, , 
2022/11/15, 50, 16, , 20, , 
2022/11/16, 42, 19, , 22, , 
2022/11/17, 42, 18, , 18, , 
2022/11/18, 25, 17, , 14, , 
2022/11/19, 50, 19, , 17, , 
2022/11/20, 59, 19, , 15, , 
2022/11/21, 57, 8, , 13, , 
2022/11/22, 21, 20, , 17, , 
2022/11/23, 53, 25, , 25, , 
2022/11/24, 57, 18, , 13, , 
2022/11/25, 53, 8, , 11, , 
2022/11/26, 21, 17, , 17, , 
2022/11/27, 53, 25, , 23, , 
2022/11/28, 65, 11, , 16, , 
2022/11/29, 34, 18, , 22, , 
2022/11/30, 53, 28, , 26, , 
2022/12/1, 70, 24, , 17, , 
2022/12/2, 63, 6, , 6, , 
2022/12/3, 21, 15, , 11, , 
2022/12/4, 42, 12, , 25, , 
2022/12/5, 30, 26, , 19, , 
2022/12/6, 63, 33, , 22, , 
2022/12/7, 80, 23, , 14, , 
2022/12/8, 68, 19, , 20, , 
2022/12/9, 42, 13, , 17, , 
2022/12/10, 30, 17, , 12, , 
2022/12/11, 46, 16, , 13, , 
2022/12/12, 50, 12, , 21, , 
2022/12/13, 38, 14, , 20, , 
2022/12/14, 46, 11, , 13, , 
2022/12/15, 38, 11, , 25, , 
2022/12/16, 34, 21, , 15, , 
2022/12/17, 46, 23, , 16, , 
2022/12/18, 59, 29, , 20, , 
2022/12/19, 72, 28, , 25, , 
2022/12/20, 65, 23, , 16, , 
2022/12/21, 61, 20, , 17, , 
2022/12/22, 61, 22, , 16, , 
2022/12/23, 63, 21, , 17, , 
2022/12/24, 57, 23, , 10, , 
2022/12/25, 61, 22, , 15, , 
2022/12/26, 59, 18, , 13, , 
2022/12/27, 38, 24, , 22, , 
2022/12/28, 55, 16, , 14, , 
2022/12/29, 38, 19, , 18, , 
2022/12/30, 38, 23, , 11, , 
2022/12/31, 59, 41, , 9, , 
2023/1/1, 91, 27, , 12, , 
2022/7/1, 34, 16, , 7, , 
2022/7/2, 38, 16, , 7, , 
2022/7/3, 42, 18, , 11, , 
2022/7/4, 38, 18, , 9, , 
2022/7/5, 42, 21, , 7, , 
2022/7/6, 46, 20, , 8, , 
2022/7/7, 46, 14, , 7, , 
2022/7/8, 25, 10, , 8, , 
2022/7/9, 17, , , 6, , 
2022/7/12, 25, 13, , 11, , 
2022/7/13, 38, , , 7, , 
2022/7/15, 34, 15, , 5, , 
2022/7/16, 38, 18, , 6, , 
2022/7/17, 50, 24, , 7, , 
2022/7/18, 59, 26, , 8, , 
2022/7/19, 61, 30, , 8, , 
2022/7/20, 74, 26, , 9, , 
2022/7/21, 63, 23, , 6, , 
2022/7/22, 59, 20, , 6, , 
2022/7/23, 53, 19, , 5, , 
2022/7/24, 46, 19, , 5, , 
2022/7/25, 46, 20, , 5, , 
2022/7/26, 46, 20, , 8, , 
2022/7/27, 34, 19, , 8, , 
2022/7/28, 38, 17, , 6, , 
2022/7/29, 34, 16, , 6, , 
2022/7/30, 38, 13, , 7, , 
2022/7/31, 34, 22, , 8, , 
2022/8/1, 38, 18, , 11, , 
2022/8/2, 42, 15, , 9, , 
2022/8/3, 34, 17, , 11, , 
2022/8/4, 34, 15, , 11, , 
2022/8/5, 34, 13, , 6, , 
2022/8/6, 34, 21, , 5, , 
2022/8/7, 53, 12, , 10, , 
2022/8/8, 34, 15, , 13, , 
2022/8/9, 46, 14, , 5, , 
2022/8/10, 38, 16, , 6, , 
2022/8/11, 42, 13, , 7, , 
2022/8/12, 30, 10, , 6, , 
2022/8/13, 25, 12, , 7, , 
2022/8/14, 30, 14, , 5, , 
2022/8/15, 30, 17, , 6, , 
2022/8/16, 34, 26, , 6, , 
2022/8/17, 46, 20, , 8, , 
2022/8/18, 34, 13, , 10, , 
2022/8/19, 30, 15, , 8, , 
2022/8/20, 30, 16, , 11, , 
2022/8/21, 30, 14, , 9, , 
2022/8/22, 30, 14, , 10, , 
2022/8/23, 34, 10, , 10, , 
2022/8/24, 30, 10, , 10, , 
2022/8/25, 25, 13, , 8, , 
2022/8/26, 34, 13, , 6, , 
2022/8/27, 34, 14, , 7, , 
2022/8/28, 34, 14, , 7, , 
2022/8/29, 34, 13, , 6, , 
2022/8/30, 38, 11, , 8, , 
2022/8/31, 34, 14, , 11, , 
2022/9/1, 34, 10, , 9, , 
2022/9/2, 25, 10, , 10, , 
2022/9/3, 30, 11, , 8, , 
2022/9/4, 30, 15, , 9, , 
2022/9/5, 34, 15, , 8, , 
2022/9/6, 34, 21, , 6, , 
2022/9/7, 34, 20, , 9, , 
2022/9/8, 34, 17, , 6, , 
2022/9/9, 21, 16, , 8, , 
2022/9/10, 24, , , 6, , 
2022/9/11, 34, , , 7, , 
2022/9/12, 42, , , 8, , 
2022/9/14, 34, , , 7, , 
2022/9/15, 55, 21, , 5, , 
2022/9/16, 30, 13, , 8, , 
2022/9/17, 21, 8, , 10, , 
2022/9/18, 17, 14, , 12, , 
2022/9/19, 25, 13, , 12, , 
2022/9/20, 30, 9, , 6, , 
2022/9/21, 17, 9, , 16, , 
2022/9/22, 17, 14, , 16, , 
2022/9/23, 38, 13, , 10, , 
2022/9/24, 38, 8, , 7, , 
2022/9/25, 21, 14, , 9, , 
2022/9/26, 25, 17, , 9, , 
2022/9/27, 17, 16, , 7, , 
2022/9/28, 17, 14, , 4, , 
2022/9/29, 13, 9, , 12, , 
2022/9/30, 17, 12, , 6, , 
2022/4/1, 30, 10, , 11, , 
2022/4/2, 25, 11, , 15, , 
2022/4/3, 38, 10, , 14, , 
2022/4/4, 30, , , , , 
2022/4/6, 42, 20, , 20, , 
2022/4/7, 42, 22, , 6, , 
2022/4/8, 30, 23, , 3, , 
2022/4/9, 30, 9, , 14, , 
2022/4/10, 25, 12, , 12, , 
2022/4/11, 38, 15, , 15, , 
2022/4/12, 38, 19, , 13, , 
2022/4/13, 50, 19, , 18, , 
2022/4/14, 53, 20, , 14, , 
2022/4/15, 57, 16, , 11, , 
2022/4/16, 53, 9, , 1, , 
2022/4/17, 25, 11, , 12, , 
2022/4/18, 25, 14, , 8, , 
2022/4/19, 38, 15, , 9, , 
2022/4/20, 30, 9, , 7, , 
2022/4/21, 25, 5, , 11, , 
2022/4/22, 13, 12, , 8, , 
2022/4/23, 34, 8, , 9, , 
2022/4/24, 13, 14, , 7, , 
2022/4/25, 30, 15, , 12, , 
2022/4/26, 34, 14, , 11, , 
2022/4/27, 34, 10, , 16, , 
2022/4/28, 25, 12, , 11, , 
2022/4/29, 34, 12, , 11, , 
2022/4/30, 38, 14, , 8, , 
2022/5/1, 42, 15, , 10, , 
2022/5/2, 46, 14, , 8, , 
2022/5/3, 46, 15, , 7, , 
2022/5/4, 42, 17, , 17, , 
2022/5/5, 50, 9, , 16, , 
2022/5/6, 17, 10, , 6, , 
2022/5/7, 21, 14, , 6, , 
2022/5/8, 34, 20, , 10, , 
2022/5/9, 50, 21, , 6, , 
2022/5/10, 55, 18, , 8, , 
2022/5/11, 46, 20, , 11, , 
2022/5/12, 50, 19, , 9, , 
2022/5/13, 42, 21, , 11, , 
2022/5/14, 42, 20, , 10, , 
2022/5/15, 46, 21, , 10, , 
2022/5/16, 42, 20, , 7, , 
2022/5/17, 38, 20, , 7, , 
2022/5/18, 50, 17, , 17, , 
2022/5/19, 38, 17, , 9, , 
2022/5/20, 38, 18, , 9, , 
2022/5/21, 38, 17, , 8, , 
2022/5/22, 38, 19, , 10, , 
2022/5/23, 38, 24, , 7, , 
2022/5/24, 46, 25, , 6, , 
2022/5/25, 50, 30, , 9, , 
2022/5/26, 57, 33, , 9, , 
2022/5/27, 59, 35, , 7, , 
2022/5/28, 57, 12, , 4, , 
2022/5/29, 21, 14, , 5, , 
2022/5/30, 25, 20, , 7, , 
2022/5/31, 38, 20, , 7, , 
2022/6/1, 38, 20, , 6, , 
2022/6/2, 46, 22, , 11, , 
2022/6/3, 46, 30, , 8, , 
2022/6/4, 53, 31, , 9, , 
2022/6/5, 46, 25, , 7, , 
2022/6/6, 42, 20, , 7, , 
2022/6/7, 38, 20, , 5, , 
2022/6/8, 34, 16, , 6, , 
2022/6/9, 25, 10, , 12, , 
2022/6/10, 17, 12, , 11, , 
2022/6/11, 30, 12, , 10, , 
2022/6/12, 30, 12, , 10, , 
2022/6/13, 30, 17, , 7, , 
2022/6/14, 46, 18, , 10, , 
2022/6/15, 42, 16, , 7, , 
2022/6/16, 42, 18, , 7, , 
2022/6/17, 46, 20, , 7, , 
2022/6/18, 53, 15, , 9, , 
2022/6/19, 42, 15, , 9, , 
2022/6/20, 34, 19, , 6, , 
2022/6/21, 50, 20, , 11, , 
2022/6/22, 50, 24, , 7, , 
2022/6/23, 53, 26, , 6, , 
2022/6/24, 38, 20, , 6, , 
2022/6/25, 34, 20, , 9, , 
2022/6/26, 38, , , 7, , 
2022/6/27, 57, 45, , , , 
2022/1/3, 61, 16, , 17, , 
2022/1/4, 38, 13, , 9, , 
2022/1/5, 30, 2, , 6, , 
2022/1/6, 5, 12, , 20, , 
2022/1/7, 34, 25, , 19, , 
2022/1/8, 72, 18, , 14, , 
2022/1/9, 59, 18, , 25, , 
2022/1/10, 57, 12, , 28, , 
2022/1/11, 38, 10, , 18, , 
2022/1/12, 30, 18, , 31, , 
2022/1/13, 53, 35, , 27, , 
2022/1/14, 87, , , 23, , 
2022/1/15, 114, 43, , 28, , 
2022/1/16, 104, 40, , 25, , 
2022/1/17, 95, 42, , 25, , 
2022/1/18, 97, 40, , 29, , 
2022/1/19, 97, 27, , 25, , 
2022/1/20, 68, 23, , 13, , 
2022/1/21, 68, 25, , 24, , 
2022/1/22, 68, 38, , 20, , 
2022/1/23, 99, 46, , 27, , 
2022/1/24, 117, 36, , 28, , 
2022/1/25, 85, , , 27, , 
2022/1/26, 127, , , 28, , 
2022/1/27, 134, 26, , 27, , 
2022/1/28, 65, 30, , 26, , 
2022/1/29, 76, 29, , 17, , 
2022/1/30, 70, 30, , 19, , 
2022/1/31, 70, 22, , 32, , 
2022/2/1, 55, 31, , 29, , 
2022/2/2, 68, 32, , 22, , 
2022/2/3, 72, 31, , 26, , 
2022/2/4, 72, 30, , 21, , 
2022/2/5, 72, 26, , 28, , 
2022/2/6, 72, 18, , 11, , 
2022/2/7, 30, 25, , 26, , 
2022/2/8, 65, 33, , 26, , 
2022/2/9, 76, 28, , 31, , 
2022/2/10, 65, 33, , 27, , 
2022/2/11, 80, 16, , 12, , 
2022/2/12, 50, 17, , 24, , 
2022/2/13, 53, 23, , 18, , 
2022/2/14, 65, 18, , 24, , 
2022/2/15, 57, 20, , 22, , 
2022/2/16, 57, 26, , 23, , 
2022/2/17, 68, 25, , 17, , 
2022/2/18, 61, 20, , 17, , 
2022/2/19, 46, 21, , 23, , 
2022/2/20, 53, 16, , 19, , 
2022/2/21, 34, 15, , 31, , 
2022/2/22, 25, 25, , 26, , 
2022/2/23, 61, 29, , 25, , 
2022/2/24, 70, 20, , 13, , 
2022/2/25, 57, 7, , 14, , 
2022/2/26, 13, 11, , 21, , 
2022/2/27, 38, 19, , 27, , 
2022/2/28, 57, 16, , 26, , 
2022/3/1, 53, 31, , 32, , 
2022/3/2, 80, 31, , 28, , 
2022/3/3, 82, 26, , 16, , 
2022/3/4, 74, 13, , 11, , 
2022/3/5, 46, 16, , 10, , 
2022/3/6, 55, 26, , 28, , 
2022/3/7, 74, 20, , 17, , 
2022/3/8, 63, 29, , 34, , 
2022/3/9, 72, 36, , 31, , 
2022/3/10, 89, 28, , 25, , 
2022/3/11, 74, 21, , 17, , 
2022/3/12, 61, 20, , 17, , 
2022/3/13, 57, 27, , 26, , 
2022/3/14, 70, 23, , 21, , 
2022/3/15, 63, , , 24, , 
2022/3/17, 68, 22, , 4, , 
2022/3/18, 55, 17, , 7, , 
2022/3/19, 50, 19, , 6, , 
2022/3/20, 57, 20, , 30, , 
2022/3/21, 57, 28, , 22, , 
2022/3/22, 68, 31, , 38, , 
2022/3/23, 74, 34, , 30, , 
2022/3/24, 78, 35, , 33, , 
2022/3/25, 78, 35, , 26, , 
2022/3/26, 82, 30, , 14, , 
2022/3/27, 78, 31, , 31, , 
2022/3/28, 70, 29, , 18, , 
2022/3/29, 61, 19, , , , 
2022/3/30, 38, 7, , 9, , 
2022/3/31, 13, 20, , 5, , 
2021/10/1, 46, 20, , 14, , 
2021/10/2, 55, 18, , 12, , 
2021/10/3, 46, 13, , 7, , 
2021/10/4, 34, 12, , 3, , 
2021/10/5, 17, 10, , 11, , 
2021/10/6, 21, 7, , 11, , 
2021/10/7, 9, 8, , 11, , 
2021/10/8, 21, 13, , 7, , 
2021/10/9, 34, 15, , 11, , 
2021/10/10, 42, 18, , 22, , 
2021/10/11, 42, 20, , 28, , 
2021/10/12, 50, 14, , 15, , 
2021/10/13, 42, 10, , 20, , 
2021/10/14, 25, 19, , 25, , 
2021/10/15, 46, 17, , 22, , 
2021/10/16, 50, 15, , 12, , 
2021/10/17, 50, 23, , 21, , 
2021/10/18, 57, 28, , 21, , 
2021/10/19, 72, , , 21, , 
2021/10/21, 42, 21, , 15, , 
2021/10/22, 46, 16, , 11, , 
2021/10/23, 46, 9, , 9, , 
2021/10/24, 25, 20, , 23, , 
2021/10/25, 46, 23, , 22, , 
2021/10/26, 59, 14, , 13, , 
2021/10/27, 42, 22, , 29, , 
2021/10/28, 57, 31, , 22, , 
2021/10/29, 72, 33, , 25, , 
2021/10/30, 78, 23, , 14, , 
2021/10/31, 65, 10, , 11, , 
2021/11/1, 30, 15, , 6, , 
2021/11/2, 17, 10, , 15, , 
2021/11/3, 17, 17, , 20, , 
2021/11/4, 30, 15, , 17, , 
2021/11/5, 38, 7, , 9, , 
2021/11/6, 17, 11, , 11, , 
2021/11/7, 30, 11, , 13, , 
2021/11/8, 25, 6, , 7, , 
2021/11/9, 17, 13, , 17, , 
2021/11/10, 34, 20, , 18, , 
2021/11/11, 50, 26, , 21, , 
2021/11/12, 61, 20, , 15, , 
2021/11/13, 53, 8, , 15, , 
2021/11/14, 25, 10, , 6, , 
2021/11/15, 25, 13, , 18, , 
2021/11/16, 46, 21, , 22, , 
2021/11/17, 57, 24, , 22, , 
2021/11/18, 59, 30, , 22, , 
2021/11/19, 74, 32, , 18, , 
2021/11/20, 85, 24, , 12, , 
2021/11/21, 70, 13, , 12, , 
2021/11/22, 42, 10, , 23, , 
2021/11/23, 25, 12, , 21, , 
2021/11/24, 38, 9, , 22, , 
2021/11/25, 30, 13, , 19, , 
2021/11/26, 42, 11, , 17, , 
2021/11/27, 21, 10, , 16, , 
2021/11/28, 25, 17, , 22, , 
2021/11/29, 50, 29, , 26, , 
2021/11/30, 74, 16, , 16, , 
2021/12/1, 50, 9, , 16, , 
2021/12/2, 21, 10, , 25, , 
2021/12/3, 25, 15, , 16, , 
2021/12/4, 46, 20, , 23, , 
2021/12/5, 34, 20, , 26, , 
2021/12/6, 57, 29, , 24, , 
2021/12/7, 76, 16, , 19, , 
2021/12/8, 55, 20, , 23, , 
2021/12/9, 59, 11, , 12, , 
2021/12/10, 46, 13, , 28, , 
2021/12/11, 42, 30, , 21, , 
2021/12/12, 80, , , 29, , 
2021/12/13, 114, , , , , 
2021/12/14, 119, , , 30, , 
2021/12/15, 114, 35, , 25, , 
2021/12/16, 82, 36, , 26, , 
2021/12/17, 85, 41, , 23, , 
2021/12/18, 102, 45, , 23, , 
2021/12/19, 109, , , 29, , 
2021/12/20, 109, 41, , 22, , 
2021/12/21, 93, 30, , 25, , 
2021/12/22, 72, 31, , 22, , 
2021/12/23, 80, 20, , 16, , 
2021/12/24, 50, 16, , 11, , 
2021/12/25, 38, 12, , 12, , 
2021/12/26, 38, 17, , 12, , 
2021/12/27, 57, 12, , 16, , 
2021/12/28, 34, 19, , 15, , 
2021/12/29, 55, 25, , 17, , 
2021/12/30, 59, 22, , 12, , 
2021/12/31, 65, 29, , 8, , 
2022/1/1, 80, 28, , 17, , 
2022/1/2, 76, 20, , 15, , 
2021/7/1, 30, 19, , 5, , 
2021/7/2, 30, 15, , 4, , 
2021/7/3, 30, 15, , 5, , 
2021/7/4, 34, 15, , 6, , 
2021/7/5, 30, 12, , 6, , 
2021/7/6, 25, 14, , 7, , 
2021/7/7, 30, 15, , 9, , 
2021/7/8, 34, 18, , 6, , 
2021/7/9, 25, 14, , 4, , 
2021/7/10, 25, 15, , 3, , 
2021/7/11, 30, 18, , 8, , 
2021/7/12, 42, 20, , 12, , 
2021/7/13, 34, 18, , 5, , 
2021/7/14, 21, 13, , 8, , 
2021/7/15, 21, 12, , 8, , 
2021/7/16, 30, 12, , 9, , 
2021/7/17, 30, 12, , 10, , 
2021/7/18, 34, 14, , 7, , 
2021/7/19, 42, 20, , 9, , 
2021/7/20, 46, 17, , 9, , 
2021/7/21, 46, 17, , 8, , 
2021/7/22, 46, 15, , 3, , 
2021/7/23, 42, 18, , 6, , 
2021/7/24, 50, 21, , 8, , 
2021/7/25, 50, , , 14, , 
2021/7/26, 53, , , 13, , 
2021/7/27, 50, , , 6, , 
2021/7/29, 50, 17, , 8, , 
2021/7/30, 46, 17, , 5, , 
2021/7/31, 46, 20, , 4, , 
2021/8/1, 34, 15, , 4, , 
2021/8/2, 21, 15, , 5, , 
2021/8/3, 21, 12, , 6, , 
2021/8/4, 30, 16, , 2, , 
2021/8/5, 25, 16, , 7, , 
2021/8/6, 25, 14, , 5, , 
2021/8/7, 30, 14, , 10, , 
2021/8/8, 25, 15, , 8, , 
2021/8/9, 34, 18, , 5, , 
2021/8/10, 42, 22, , 5, , 
2021/8/11, 53, 21, , 7, , 
2021/8/12, 57, 23, , 10, , 
2021/8/13, 57, , , 6, , 
2021/8/17, 55, 20, , 9, , 
2021/8/18, 42, 15, , 6, , 
2021/8/19, 34, 18, , 5, , 
2021/8/20, 46, 18, , 7, , 
2021/8/21, 42, 15, , 6, , 
2021/8/22, 38, 17, , 6, , 
2021/8/23, 38, 12, , 8, , 
2021/8/24, 30, 10, , 9, , 
2021/8/25, 21, 13, , 6, , 
2021/8/26, 34, 18, , 5, , 
2021/8/27, 30, 9, , 17, , 
2021/8/28, 21, 9, , 17, , 
2021/8/29, 21, 11, , 12, , 
2021/8/30, 25, 11, , 11, , 
2021/8/31, 30, 14, , 9, , 
2021/9/1, 30, 12, , 15, , 
2021/9/2, 30, 13, , 11, , 
2021/9/3, 34, 15, , 16, , 
2021/9/4, 38, 17, , 14, , 
2021/9/5, 53, 16, , 14, , 
2021/9/6, 50, 17, , 13, , 
2021/9/7, 46, 20, , 12, , 
2021/9/8, 53, 20, , 16, , 
2021/9/9, 53, 21, , 18, , 
2021/9/10, 57, 23, , 12, , 
2021/9/11, 59, 24, , 13, , 
2021/9/12, 63, 20, , 12, , 
2021/9/13, 57, 16, , 10, , 
2021/9/14, 46, 19, , 13, , 
2021/9/15, 42, , , 12, , 
2021/9/17, 25, 14, , 12, , 
2021/9/18, 25, 15, , 6, , 
2021/9/19, 25, 14, , 10, , 
2021/9/20, 21, 11, , 13, , 
2021/9/21, 30, 14, , 12, , 
2021/9/22, 42, 14, , 22, , 
2021/9/23, 38, 16, , 12, , 
2021/9/24, 38, 20, , 8, , 
2021/9/25, 46, 24, , 8, , 
2021/9/26, 46, 20, , 14, , 
2021/9/27, 46, 25, , 10, , 
2021/9/28, 65, 20, , 16, , 
2021/9/29, 53, 20, , 15, , 
2021/9/30, 55, 15, , 20, , 
2021/4/1, 42, 16, , , , 
2021/4/3, 53, 7, , 2, , 
2021/4/4, 17, 9, , 9, , 
2021/4/5, 25, 9, , 4, , 
2021/4/6, 21, 8, , 10, , 
2021/4/7, 21, 13, , 13, , 
2021/4/8, 30, 12, , 15, , 
2021/4/9, 30, 11, , 6, , 
2021/4/10, 25, 18, , 4, , 
2021/4/11, 25, 13, , 11, , 
2021/4/12, 25, 10, , 19, , 
2021/4/13, 21, 7, , 16, , 
2021/4/14, 21, 10, , 11, , 
2021/4/15, 30, 9, , 18, , 
2021/4/16, 21, 9, , 10, , 
2021/4/17, 30, 11, , 11, , 
2021/4/18, 38, 13, , 16, , 
2021/4/19, 42, 14, , 13, , 
2021/4/20, 42, 15, , 10, , 
2021/4/21, 42, 15, , 13, , 
2021/4/22, 42, 17, , 21, , 
2021/4/23, 46, 13, , 14, , 
2021/4/24, 34, 12, , 8, , 
2021/4/25, 38, 16, , 16, , 
2021/4/26, 38, 12, , 17, , 
2021/4/27, 38, 9, , 15, , 
2021/4/28, 17, 13, , 11, , 
2021/4/29, 25, 13, , 14, , 
2021/4/30, 34, 15, , 6, , 
2021/5/1, 34, 20, , 2, , 
2021/5/2, 25, 16, , 10, , 
2021/5/3, 25, 11, , 9, , 
2021/5/4, 25, 15, , 14, , 
2021/5/5, 25, 20, , 5, , 
2021/5/6, 30, 20, , 8, , 
2021/5/7, 25, 16, , 8, , 
2021/5/8, 25, 14, , 14, , 
2021/5/9, 30, 16, , 7, , 
2021/5/10, 34, 9, , 12, , 
2021/5/11, 21, 17, , 3, , 
2021/5/12, 17, 16, , 6, , 
2021/5/13, 21, 15, , 7, , 
2021/5/14, 21, 10, , 5, , 
2021/5/15, 17, 10, , 5, , 
2021/5/16, 17, 20, , 6, , 
2021/5/17, 21, 18, , 8, , 
2021/5/18, 17, 15, , 6, , 
2021/5/19, 21, 11, , 8, , 
2021/5/20, 25, 14, , 7, , 
2021/5/21, 21, 17, , 4, , 
2021/5/22, 25, 20, , 7, , 
2021/5/23, 30, 11, , 13, , 
2021/5/24, 25, 19, , 6, , 
2021/5/25, 25, 14, , 9, , 
2021/5/26, 21, 12, , 7, , 
2021/5/27, 21, 15, , 12, , 
2021/5/28, 34, 14, , 11, , 
2021/5/29, 34, 9, , 5, , 
2021/5/30, 25, 9, , 11, , 
2021/5/31, 21, 12, , 11, , 
2021/6/1, 30, 11, , 7, , 
2021/6/2, 30, 12, , 10, , 
2021/6/3, 38, 15, , 8, , 
2021/6/4, 38, 17, , 9, , 
2021/6/5, 38, 15, , 5, , 
2021/6/6, 38, 15, , 6, , 
2021/6/7, 38, 16, , 9, , 
2021/6/8, 38, 18, , 8, , 
2021/6/9, 50, 18, , 11, , 
2021/6/10, 50, 18, , 11, , 
2021/6/11, 53, 17, , 7, , 
2021/6/12, 50, 17, , 5, , 
2021/6/13, 50, 18, , 4, , 
2021/6/14, 55, 17, , 5, , 
2021/6/15, 46, 19, , 9, , 
2021/6/16, 50, 18, , 6, , 
2021/6/17, 46, 19, , 11, , 
2021/6/18, 46, 19, , 14, , 
2021/6/19, 46, 23, , 8, , 
2021/6/20, 55, , , 6, , 
2021/6/24, 30, 12, , 6, , 
2021/6/25, 13, 16, , 9, , 
2021/6/26, 30, 16, , 9, , 
2021/6/27, 42, 17, , 11, , 
2021/6/28, 42, 15, , 10, , 
2021/6/29, 34, 20, , 6, , 
2021/6/30, 21, 20, , 3, , 
2021/1/4, 34, 7, , 14, , 
2021/1/5, 25, 10, , 10, , 
2021/1/6, 38, 15, , 15, , 
2021/1/7, 50, 24, , 20, , 
2021/1/8, 68, 8, , 16, , 
2021/1/9, 25, 7, , 11, , 
2021/1/10, 25, 10, , 14, , 
2021/1/11, 38, 29, , 27, , 
2021/1/12, 74, 38, , 19, , 
2021/1/13, 91, 26, , 23, , 
2021/1/14, 65, 12, , 19, , 
2021/1/15, 34, 18, , 22, , 
2021/1/16, 59, 25, , 16, , 
2021/1/17, 72, 34, , 20, , 
2021/1/18, 89, 39, , 20, , 
2021/1/19, 104, 20, , 18, , 
2021/1/20, 57, 24, , 21, , 
2021/1/21, 46, 16, , 12, , 
2021/1/22, 25, 11, , 12, , 
2021/1/23, 17, 14, , 21, , 
2021/1/24, 38, 19, , 27, , 
2021/1/25, 50, 25, , 23, , 
2021/1/26, 70, 30, , 24, , 
2021/1/27, 85, 35, , 21, , 
2021/1/28, 95, 23, , 23, , 
2021/1/29, 65, 20, , 16, , 
2021/1/30, 57, 12, , 18, , 
2021/1/31, 38, 13, , 13, , 
2021/2/1, 50, 22, , 20, , 
2021/2/2, 61, 21, , 23, , 
2021/2/3, 61, 21, , 21, , 
2021/2/4, 46, 26, , 22, , 
2021/2/5, 59, 40, , 24, , 
2021/2/6, 74, 32, , 11, , 
2021/2/7, 38, 12, , 11, , 
2021/2/8, 17, 11, , 20, , 
2021/2/9, 17, 16, , 19, , 
2021/2/10, 30, 19, , 21, , 
2021/2/11, 38, 10, , 8, , 
2021/2/12, 25, 5, , 5, , 
2021/2/13, 17, 10, , 20, , 
2021/2/14, 30, 27, , 18, , 
2021/2/15, 76, 30, , 19, , 
2021/2/16, 87, 11, , 20, , 
2021/2/17, 42, 22, , 22, , 
2021/2/18, 61, 18, , 14, , 
2021/2/19, 50, 22, , 17, , 
2021/2/20, 59, 27, , 14, , 
2021/2/21, 74, 31, , 18, , 
2021/2/22, 82, 37, , 18, , 
2021/2/23, 89, 33, , 12, , 
2021/2/24, 78, 33, , 16, , 
2021/2/25, 74, 39, , 17, , 
2021/2/26, 70, , , 18, , 
2021/2/27, 78, 14, , 13, , 
2021/2/28, 42, 21, , 17, , 
2021/3/1, 65, 26, , 17, , 
2021/3/2, 72, 32, , 18, , 
2021/3/3, 82, 32, , 20, , 
2021/3/4, 78, 36, , 19, , 
2021/3/5, 82, 22, , 15, , 
2021/3/6, 61, 17, , 14, , 
2021/3/7, 55, , , , , 
2021/3/9, 46, 26, , 27, , 
2021/3/10, 65, 30, , 18, , 
2021/3/11, 76, 22, , 16, , 
2021/3/12, 42, 20, , 9, , 
2021/3/13, 30, 16, , 13, , 
2021/3/14, 25, 18, , 21, , 
2021/3/15, 42, 17, , 16, , 
2021/3/16, 46, 20, , 25, , 
2021/3/17, 57, 12, , 22, , 
2021/3/18, 38, 7, , 6, , 
2021/3/19, 21, 7, , 6, , 
2021/3/20, 17, 9, , 7, , 
2021/3/21, 30, 11, , 22, , 
2021/3/22, 34, 18, , 25, , 
2021/3/23, 53, 19, , 16, , 
2021/3/24, 53, 18, , 20, , 
2021/3/25, 46, 23, , 23, , 
2021/3/26, 61, 21, , 14, , 
2021/3/27, 59, 18, , 8, , 
2021/3/28, 50, 17, , 12, , 
2021/3/29, 50, 20, , 13, , 
2021/3/30, 57, 18, , 12, , 
2021/3/31, 53, 16, , 13, , 
2020/10/1, 38, 12, , 6, , 
2020/10/2, 25, 10, , 10, , 
2020/10/3, 21, 8, , 6, , 
2020/10/4, 9, 13, , 12, , 
2020/10/5, 13, 10, , 6, , 
2020/10/6, 17, 14, , 16, , 
2020/10/7, 25, 18, , 18, , 
2020/10/8, 42, 20, , 20, , 
2020/10/9, 50, 19, , 11, , 
2020/10/10, 46, 11, , 7, , 
2020/10/11, 30, 8, , 16, , 
2020/10/12, 17, 14, , 23, , 
2020/10/13, 34, 7, , 11, , 
2020/10/14, 17, 6, , 14, , 
2020/10/15, 17, 11, , 17, , 
2020/10/16, 30, 17, , 18, , 
2020/10/17, 46, 17, , 15, , 
2020/10/18, 53, 20, , 19, , 
2020/10/19, 57, 20, , 17, , 
2020/10/20, 57, 20, , 21, , 
2020/10/21, 57, 20, , 18, , 
2020/10/22, 55, 20, , 16, , 
2020/10/23, 46, 16, , 17, , 
2020/10/24, 34, 17, , 14, , 
2020/10/25, 38, 11, , 9, , 
2020/10/26, 25, 13, , 17, , 
2020/10/27, 25, 20, , 20, , 
2020/10/28, 53, 21, , 17, , 
2020/10/29, 50, 26, , , , 
2020/10/31, 63, 30, , 14, , 
2020/11/1, 74, 28, , 22, , 
2020/11/2, 70, 17, , 14, , 
2020/11/3, 55, 16, , 14, , 
2020/11/4, 42, 22, , 16, , 
2020/11/5, 59, 22, , 18, , 
2020/11/6, 59, 25, , 16, , 
2020/11/7, 70, 30, , 15, , 
2020/11/8, 80, 35, , 19, , 
2020/11/9, 89, 37, , 21, , 
2020/11/10, 91, 40, , 15, , 
2020/11/11, 95, 30, , 17, , 
2020/11/12, 76, 25, , 16, , 
2020/11/13, 65, 23, , 13, , 
2020/11/14, 68, 27, , 11, , 
2020/11/15, 74, 20, , 13, , 
2020/11/16, 57, 11, , 17, , 
2020/11/17, 34, 22, , 20, , 
2020/11/18, 68, 30, , 23, , 
2020/11/19, 82, 10, , 13, , 
2020/11/20, 34, 6, , 10, , 
2020/11/21, 13, 17, , 15, , 
2020/11/22, 57, 40, , 20, , 
2020/11/23, 107, 45, , 25, , 
2020/11/24, 109, 38, , 22, , 
2020/11/25, 99, 41, , 23, , 
2020/11/26, 107, 24, , 20, , 
2020/11/27, 72, 19, , 17, , 
2020/11/28, 61, 9, , 16, , 
2020/11/29, 30, 26, , 22, , 
2020/11/30, 76, 16, , 17, , 
2020/12/1, 55, 5, , 11, , 
2020/12/2, 13, 16, , 17, , 
2020/12/3, 53, 12, , 11, , 
2020/12/4, 34, 12, , 10, , 
2020/12/5, 17, 11, , 12, , 
2020/12/6, 38, 10, , 17, , 
2020/12/7, 21, 5, , 9, , 
2020/12/8, 17, 7, , 14, , 
2020/12/9, 25, 14, , 17, , 
2020/12/10, 50, 21, , 16, , 
2020/12/11, 63, 16, , 18, , 
2020/12/12, 57, 27, , 14, , 
2020/12/13, 78, 37, , 19, , 
2020/12/14, 99, 40, , 22, , 
2020/12/15, 102, 21, , 16, , 
2020/12/16, 68, 27, , 19, , 
2020/12/17, 76, 39, , 20, , 
2020/12/18, 95, 30, , 19, , 
2020/12/19, 87, 37, , 20, , 
2020/12/20, 97, 42, , 20, , 
2020/12/21, 107, 35, , 18, , 
2020/12/22, 95, 11, , 19, , 
2020/12/23, 42, 13, , 11, , 
2020/12/24, 30, 15, , 12, , 
2020/12/25, 21, 5, , 13, , 
2020/12/26, 17, 18, , 15, , 
2020/12/27, 57, 15, , 22, , 
2020/12/28, 38, 10, , 16, , 
2020/12/29, 17, 9, , 20, , 
2020/12/30, 38, 16, , 11, , 
2020/12/31, 57, 9, , 5, , 
2021/1/1, 25, 5, , 4, , 
2021/1/2, 13, 6, , 5, , 
2021/1/3, 13, 10, , 20, , 
2020/7/1, 34, 16, , 7, , 
2020/7/2, 42, 17, , 4, , 
2020/7/3, 42, 12, , 5, , 
2020/7/4, 25, 12, , 9, , 
2020/7/5, 30, 15, , 8, , 
2020/7/6, 42, 13, , 6, , 
2020/7/7, 34, 12, , 8, , 
2020/7/8, 30, 15, , 6, , 
2020/7/9, 38, 17, , 9, , 
2020/7/10, 42, 16, , 6, , 
2020/7/11, 38, 13, , 5, , 
2020/7/12, 34, 10, , 5, , 
2020/7/13, 30, 12, , 7, , 
2020/7/14, 34, 16, , 9, , 
2020/7/15, 42, 17, , 7, , 
2020/7/16, 42, 17, , 10, , 
2020/7/17, 42, 10, , 11, , 
2020/7/18, 25, 9, , 9, , 
2020/7/19, 25, 12, , 6, , 
2020/7/20, 34, 12, , 6, , 
2020/7/21, 34, 13, , 6, , 
2020/7/22, 38, 16, , 5, , 
2020/7/23, 42, 15, , 11, , 
2020/7/24, 34, 10, , 11, , 
2020/7/25, 25, 14, , 12, , 
2020/7/26, 34, 16, , 12, , 
2020/7/27, 42, 16, , 8, , 
2020/7/28, 42, 17, , 8, , 
2020/7/29, 46, 18, , 9, , 
2020/7/30, 50, 20, , 6, , 
2020/7/31, 53, 18, , 6, , 
2020/8/1, 50, 18, , 6, , 
2020/8/2, 46, 23, , 6, , 
2020/8/3, 42, 10, , 7, , 
2020/8/4, 13, 6, , 6, , 
2020/8/5, 13, 8, , 6, , 
2020/8/6, 21, 13, , 8, , 
2020/8/7, 38, 21, , 12, , 
2020/8/8, 55, 20, , 10, , 
2020/8/9, 55, 20, , 8, , 
2020/8/10, 55, , , 8, , 
2020/8/14, 50, 20, , 5, , 
2020/8/15, 46, 17, , 10, , 
2020/8/16, 46, 16, , 6, , 
2020/8/17, 38, 13, , 11, , 
2020/8/18, 25, 14, , 8, , 
2020/8/19, 25, 13, , 11, , 
2020/8/20, 34, 13, , 11, , 
2020/8/21, 34, 12, , 8, , 
2020/8/22, 34, 14, , 6, , 
2020/8/23, 34, 13, , 7, , 
2020/8/24, 34, 13, , 6, , 
2020/8/25, 38, 17, , 8, , 
2020/8/26, 34, 18, , 8, , 
2020/8/27, 34, 19, , 27, , 
2020/8/28, 34, 19, , 3, , 
2020/8/29, 42, 15, , 5, , 
2020/8/30, 25, 11, , 9, , 
2020/8/31, 25, 12, , 9, , 
2020/9/1, 25, 11, , 13, , 
2020/9/2, 21, 13, , 13, , 
2020/9/3, 34, 16, , 15, , 
2020/9/4, 42, 15, , 13, , 
2020/9/5, 42, 12, , 11, , 
2020/9/6, 34, 13, , 10, , 
2020/9/7, 34, 17, , 13, , 
2020/9/8, 50, , , 16, , 
2020/9/10, 57, 27, , 20, , 
2020/9/11, 61, 22, , 11, , 
2020/9/12, 59, 24, , 17, , 
2020/9/13, 65, 26, , 17, , 
2020/9/14, 68, 25, , 14, , 
2020/9/15, 61, 27, , 17, , 
2020/9/16, 65, 29, , 12, , 
2020/9/17, 65, 26, , 12, , 
2020/9/18, 63, 26, , 11, , 
2020/9/19, 61, 20, , 11, , 
2020/9/20, 57, 16, , 11, , 
2020/9/21, 42, 12, , 17, , 
2020/9/22, 30, 10, , 14, , 
2020/9/23, 21, 10, , 9, , 
2020/9/24, 21, 14, , 11, , 
2020/9/25, 21, 12, , 14, , 
2020/9/26, 13, 6, , 9, , 
2020/9/27, 17, 10, , 17, , 
2020/9/28, 25, 13, , 20, , 
2020/9/29, 30, 17, , 17, , 
2020/9/30, 38, 14, , 10, , 
2020/4/1, 34, 14, , 16, , 
2020/4/2, 53, 20, , 16, , 
2020/4/3, 61, 20, , 16, , 
2020/4/4, 59, 16, , 12, , 
2020/4/5, 53, 22, , 14, , 
2020/4/6, 63, 25, , 15, , 
2020/4/7, 68, 22, , 16, , 
2020/4/8, 61, 20, , 15, , 
2020/4/9, 61, 22, , , , 
2020/4/12, 55, 16, , 6, , 
2020/4/13, 57, 10, , 6, , 
2020/4/14, 38, 11, , 7, , 
2020/4/15, 30, 16, , 11, , 
2020/4/16, 46, 18, , 6, , 
2020/4/17, 42, 21, , 6, , 
2020/4/18, 53, 22, , 3, , 
2020/4/19, 50, 9, , 4, , 
2020/4/20, 25, 8, , 1, , 
2020/4/21, 25, 15, , 6, , 
2020/4/22, 46, 16, , 9, , 
2020/4/23, 55, 18, , 9, , 
2020/4/24, 55, 12, , 4, , 
2020/4/25, 42, 10, , 4, , 
2020/4/26, 34, 11, , 6, , 
2020/4/27, 30, 10, , 4, , 
2020/4/28, 25, 19, , 3, , 
2020/4/29, 25, 15, , 6, , 
2020/4/30, 17, 17, , 2, , 
2020/5/1, 21, 20, , 3, , 
2020/5/2, 21, 18, , 3, , 
2020/5/3, 30, 9, , 7, , 
2020/5/4, 25, , , 8, , 
2020/5/6, 34, 11, , 4, , 
2020/5/7, 34, 14, , 11, , 
2020/5/8, 42, 14, , 5, , 
2020/5/9, 34, 16, , 4, , 
2020/5/10, 38, 11, , 9, , 
2020/5/11, 21, 11, , 3, , 
2020/5/12, 17, 19, , 7, , 
2020/5/13, 30, 33, , 6, , 
2020/5/14, 50, 14, , 3, , 
2020/5/15, 17, 14, , 6, , 
2020/5/16, 30, 15, , 4, , 
2020/5/17, 34, 22, , 5, , 
2020/5/18, 53, 21, , 11, , 
2020/5/19, 42, 10, , 11, , 
2020/5/20, 30, 11, , 4, , 
2020/5/21, 38, 13, , 8, , 
2020/5/22, 38, 13, , 7, , 
2020/5/23, 38, 16, , 5, , 
2020/5/24, 38, 9, , 7, , 
2020/5/25, 25, 10, , 8, , 
2020/5/26, 34, 9, , 7, , 
2020/5/27, 21, 9, , 10, , 
2020/5/28, 25, 6, , 5, , 
2020/5/29, 17, 10, , 8, , 
2020/5/30, 34, 12, , 6, , 
2020/5/31, 38, 13, , 9, , 
2020/6/1, 42, 13, , 6, , 
2020/6/2, 42, 10, , 6, , 
2020/6/3, 25, , , 5, , 
2020/6/5, 25, 17, , 6, , 
2020/6/6, 17, 15, , 6, , 
2020/6/7, 25, 14, , 6, , 
2020/6/8, 25, 17, , 5, , 
2020/6/9, 30, 8, , 9, , 
2020/6/10, 13, 10, , 9, , 
2020/6/11, 21, 10, , 6, , 
2020/6/12, 21, 12, , 6, , 
2020/6/13, 25, 8, , 6, , 
2020/6/14, 13, 17, , 4, , 
2020/6/15, 25, 18, , 4, , 
2020/6/16, 30, 16, , 4, , 
2020/6/17, 25, 13, , 5, , 
2020/6/18, 21, 11, , 5, , 
2020/6/19, 21, 15, , 6, , 
2020/6/20, 30, 13, , 6, , 
2020/6/21, 30, 16, , 6, , 
2020/6/22, 42, 15, , 9, , 
2020/6/23, 50, 15, , 7, , 
2020/6/24, 46, , , 7, , 
2020/6/26, 46, 16, , 8, , 
2020/6/27, 46, 16, , 6, , 
2020/6/28, 42, 17, , 6, , 
2020/6/29, 42, 18, , 5, , 
2020/6/30, 38, 17, , 7, , 
2020/1/1, 160, , , 27, , 
2020/1/2, 147, , , , , 
2020/1/6, 78, , , 29, , 
2020/1/7, 124, , , 33, , 
2020/1/8, 122, , , 36, , 
2020/1/9, 119, 46, , 31, , 
2020/1/10, 109, 29, , 22, , 
2020/1/11, 78, 24, , 27, , 
2020/1/12, 68, 40, , 37, , 
2020/1/13, 95, 37, , 27, , 
2020/1/14, 97, 37, , 28, , 
2020/1/15, 95, 40, , 28, , 
2020/1/16, 95, 44, , 24, , 
2020/1/17, 112, 17, , 24, , 
2020/1/18, 112, 17, , 21, , 
2020/1/19, 55, 7, , 6, , 
2020/1/20, 21, 18, , 30, , 
2020/1/21, 55, 31, , 36, , 
2020/1/22, 80, , , 33, , 
2020/1/23, 107, 35, , 21, , 
2020/1/24, 87, 19, , 19, , 
2020/1/25, 57, 27, , 20, , 
2020/1/26, 76, 29, , 29, , 
2020/1/27, 78, 20, , 19, , 
2020/1/28, 30, 28, , 26, , 
2020/1/29, 34, 24, , 27, , 
2020/1/30, 46, 12, , 27, , 
2020/1/31, 42, , , 23, , 
2020/2/4, 50, 9, , 25, , 
2020/2/5, 17, 20, , 31, , 
2020/2/6, 46, 34, , 34, , 
2020/2/7, 76, 35, , 28, , 
2020/2/8, 80, 33, , 21, , 
2020/2/9, 87, 26, , 27, , 
2020/2/10, 50, 36, , 12, , 
2020/2/11, 38, 30, , 27, , 
2020/2/12, 46, 21, , 19, , 
2020/2/13, 42, 25, , 28, , 
2020/2/14, 42, 30, , 28, , 
2020/2/15, 68, 30, , 28, , 
2020/2/16, 70, 26, , 28, , 
2020/2/17, 55, 16, , 24, , 
2020/2/18, 30, 20, , 21, , 
2020/2/19, 50, 26, , 30, , 
2020/2/20, 65, 30, , 31, , 
2020/2/21, 65, 38, , 37, , 
2020/2/22, 85, 30, , 22, , 
2020/2/23, 70, 30, , 22, , 
2020/2/24, 57, 30, , 28, , 
2020/2/25, 65, 19, , 8, , 
2020/2/26, 30, 13, , 17, , 
2020/2/27, 21, 17, , 33, , 
2020/2/28, 38, 18, , 22, , 
2020/2/29, 50, 22, , 7, , 
2020/3/1, 25, , , , , 
2020/3/6, 21, 14, , 17, , 
2020/3/7, 42, 16, , 26, , 
2020/3/8, 53, 20, , 20, , 
2020/3/9, 63, 20, , 16, , 
2020/3/10, 61, 23, , 18, , 
2020/3/11, 63, 26, , 18, , 
2020/3/12, 70, 22, , 15, , 
2020/3/13, 59, 22, , 10, , 
2020/3/14, 63, 9, , 5, , 
2020/3/15, 25, 16, , 18, , 
2020/3/16, 53, 26, , 19, , 
2020/3/17, 72, 31, , 13, , 
2020/3/18, 82, 26, , 22, , 
2020/3/19, 72, 28, , 16, , 
2020/3/20, 76, 27, , 8, , 
2020/3/21, 74, 21, , 7, , 
2020/3/22, 63, 9, , 1, , 
2020/3/23, 25, 9, , 6, , 
2020/3/24, 30, 11, , 2, , 
2020/3/25, 34, 6, , 6, , 
2020/3/26, 17, 9, , 4, , 
2020/3/27, 25, , , 13, , 
2020/3/28, 68, , , 8, , 
2020/3/29, 63, 30, , 7, , 
2020/3/30, 59, 10, , 10, , 
2020/3/31, 30, 10, , 8, , 
2019/10/1, 46, 16, , 17, , 
2019/10/2, 30, 10, , 12, , 
2019/10/3, 21, 15, , 22, , 
2019/10/4, 34, 17, , 22, , 
2019/10/5, 38, 19, , 16, , 
2019/10/6, 50, 10, , 9, , 
2019/10/7, 30, 15, , 26, , 
2019/10/8, 34, 14, , 15, , 
2019/10/9, 34, , , 23, , 
2019/10/11, 55, 22, , 18, , 
2019/10/12, 53, 16, , 11, , 
2019/10/13, 42, 26, , 25, , 
2019/10/14, 57, 24, , 11, , 
2019/10/15, 38, 18, , 20, , 
2019/10/16, 21, 20, , 23, , 
2019/10/17, 34, 17, , 13, , 
2019/10/18, 34, 14, , 16, , 
2019/10/19, 34, 14, , 6, , 
2019/10/20, 30, 20, , 18, , 
2019/10/21, 42, 28, , 31, , 
2019/10/22, 55, 26, , 31, , 
2019/10/23, 57, 17, , 23, , 
2019/10/24, 46, 18, , 18, , 
2019/10/25, 50, 30, , 20, , 
2019/10/26, 70, 25, , 22, , 
2019/10/27, 63, 26, , 23, , 
2019/10/28, 65, 21, , 17, , 
2019/10/29, 59, 18, , 21, , 
2019/10/30, 46, 11, , 12, , 
2019/10/31, 30, 10, , 14, , 
2019/11/1, 25, 13, , 11, , 
2019/11/2, 34, 12, , 5, , 
2019/11/3, 21, 19, , 6, , 
2019/11/4, 17, 14, , 9, , 
2019/11/5, 17, 7, , 12, , 
2019/11/6, 13, 10, , 14, , 
2019/11/7, 30, 7, , 14, , 
2019/11/8, 17, 11, , 22, , 
2019/11/9, 30, 13, , 13, , 
2019/11/10, 42, 8, , 10, , 
2019/11/11, 21, 14, , 21, , 
2019/11/12, 38, 13, , 21, , 
2019/11/13, 34, 13, , 13, , 
2019/11/14, 38, 8, , 19, , 
2019/11/15, 21, 7, , 11, , 
2019/11/16, 17, 8, , 17, , 
2019/11/17, 13, , , 11, , 
2019/11/20, 34, 11, , 21, , 
2019/11/21, 34, 10, , 17, , 
2019/11/22, 25, 10, , 3, , 
2019/11/23, 25, 10, , 14, , 
2019/11/24, 30, 12, , 24, , 
2019/11/25, 34, 29, , 29, , 
2019/11/26, 59, 17, , 15, , 
2019/11/27, 46, 15, , 5, , 
2019/11/28, 21, 21, , 27, , 
2019/11/29, 30, 27, , 23, , 
2019/11/30, 57, 18, , 14, , 
2019/12/1, 50, 19, , 24, , 
2019/12/2, 42, 8, , 17, , 
2019/12/3, 21, 12, , 29, , 
2019/12/4, 34, 24, , 27, , 
2019/12/5, 68, 27, , , , 
2019/12/6, 72, 28, , 25, , 
2019/12/7, 72, 20, , 19, , 
2019/12/8, 57, 16, , 26, , 
2019/12/9, 34, 17, , 28, , 
2019/12/10, 42, 22, , 27, , 
2019/12/11, 59, 19, , 23, , 
2019/12/12, 55, 10, , 18, , 
2019/12/13, 25, 25, , 24, , 
2019/12/14, 59, 28, , 21, , 
2019/12/15, 61, 19, , 17, , 
2019/12/16, 46, 24, , 7, , 
2019/12/17, 38, 21, , 34, , 
2019/12/18, 42, 25, , 29, , 
2019/12/19, 61, 23, , 18, , 
2019/12/20, 50, 15, , 8, , 
2019/12/21, 17, 16, , 27, , 
2019/12/22, 30, 20, , 21, , 
2019/12/23, 21, 23, , 19, , 
2019/12/24, 46, 24, , 23, , 
2019/12/25, 55, 24, , 29, , 
2019/12/26, 68, , , , , 
2019/12/28, 82, 31, , 26, , 
2019/12/29, 82, , , , , 
2019/7/1, 53, 21, , 14, , 
2019/7/2, 53, 22, , 15, , 
2019/7/3, 55, 18, , 15, , 
2019/7/4, 42, 22, , 11, , 
2019/7/5, 53, 20, , 10, , 
2019/7/6, 55, , , 12, , 
2019/7/11, 30, 16, , 9, , 
2019/7/12, 38, 20, , 9, , 
2019/7/13, 42, 10, , 7, , 
2019/7/14, 25, 7, , 4, , 
2019/7/15, 21, 12, , 12, , 
2019/7/16, 30, 13, , 10, , 
2019/7/17, 38, 16, , 9, , 
2019/7/18, 38, 18, , 13, , 
2019/7/19, 46, 20, , 10, , 
2019/7/20, 50, 16, , 6, , 
2019/7/21, 42, 19, , 7, , 
2019/7/22, 50, 21, , 11, , 
2019/7/23, 57, 21, , 15, , 
2019/7/24, 59, 22, , 10, , 
2019/7/25, 61, 20, , , , 
2019/7/26, 55, 17, , 9, , 
2019/7/27, 46, 9, , 8, , 
2019/7/28, 17, 22, , 7, , 
2019/7/29, 21, 18, , 8, , 
2019/7/30, 34, , , 9, , 
2019/8/1, 38, 20, , 9, , 
2019/8/2, 46, 15, , 12, , 
2019/8/3, 42, 14, , 10, , 
2019/8/4, 38, 19, , 9, , 
2019/8/5, 46, 18, , 8, , 
2019/8/6, 42, 18, , 13, , 
2019/8/7, 42, 29, , 8, , 
2019/8/8, 53, 24, , 9, , 
2019/8/9, 53, 19, , 8, , 
2019/8/10, 50, 20, , 12, , 
2019/8/11, 50, 20, , 7, , 
2019/8/12, 53, 16, , 6, , 
2019/8/13, 34, 12, , 7, , 
2019/8/14, 30, 13, , 6, , 
2019/8/15, 30, 16, , 10, , 
2019/8/16, 38, 17, , 8, , 
2019/8/17, 38, 17, , 12, , 
2019/8/18, 42, 15, , 7, , 
2019/8/19, 38, 17, , 11, , 
2019/8/20, 46, 16, , 10, , 
2019/8/21, 42, , , 11, , 
2019/8/23, 46, 17, , 13, , 
2019/8/24, 46, 15, , 9, , 
2019/8/25, 46, 25, , 10, , 
2019/8/26, 59, 46, , 12, , 
2019/8/27, 76, 27, , 11, , 
2019/8/28, 65, 22, , 11, , 
2019/8/29, 57, 24, , 10, , 
2019/8/30, 63, 26, , 11, , 
2019/8/31, 65, 26, , 15, , 
2019/9/1, 65, 23, , 11, , 
2019/9/2, 61, 16, , 10, , 
2019/9/3, 46, 12, , 13, , 
2019/9/4, 30, 17, , 11, , 
2019/9/5, 38, , , 10, , 
2019/9/7, 30, 12, , 5, , 
2019/9/8, 17, 11, , 14, , 
2019/9/9, 13, 13, , 17, , 
2019/9/10, 21, 14, , 27, , 
2019/9/11, 30, 14, , 15, , 
2019/9/12, 34, 15, , 21, , 
2019/9/13, 38, 16, , 17, , 
2019/9/14, 42, 15, , 19, , 
2019/9/15, 38, 18, , 16, , 
2019/9/16, 50, 18, , 11, , 
2019/9/17, 50, 21, , 11, , 
2019/9/18, 57, 16, , 10, , 
2019/9/19, 42, 16, , 12, , 
2019/9/20, 34, 16, , 15, , 
2019/9/21, 34, 10, , 7, , 
2019/9/22, 21, 12, , 10, , 
2019/9/23, 25, 15, , 20, , 
2019/9/24, 34, 16, , 9, , 
2019/9/25, 25, 20, , 13, , 
2019/9/26, 25, 21, , 17, , 
2019/9/27, 34, 22, , 13, , 
2019/9/28, 50, 16, , 11, , 
2019/9/29, 30, 19, , 19, , 
2019/9/30, 34, 23, , 19, , 
2019/4/1, 59, 24, , 18, , 
2019/4/2, 57, 14, , 12, , 
2019/4/3, 38, 12, , 20, , 
2019/4/4, 25, 12, , 29, , 
2019/4/5, 21, 17, , 21, , 
2019/4/6, 42, 13, , 18, , 
2019/4/7, 34, 13, , 16, , 
2019/4/8, 30, 16, , 21, , 
2019/4/9, 30, 16, , 17, , 
2019/4/10, 34, 14, , 16, , 
2019/4/11, 38, 13, , 21, , 
2019/4/12, 34, 10, , 10, , 
2019/4/13, 30, 9, , 6, , 
2019/4/14, 25, 12, , 17, , 
2019/4/15, 34, 21, , 20, , 
2019/4/16, 57, 19, , 19, , 
2019/4/17, 53, 18, , 29, , 
2019/4/18, 50, 13, , 15, , 
2019/4/19, 38, 19, , 20, , 
2019/4/20, 50, 16, , 17, , 
2019/4/21, 46, 19, , 9, , 
2019/4/22, 46, 18, , 9, , 
2019/4/23, 30, 27, , 14, , 
2019/4/24, 42, 40, , 11, , 
2019/4/25, 55, 32, , 10, , 
2019/4/26, 38, 18, , 6, , 
2019/4/27, 17, 16, , 6, , 
2019/4/28, 25, 9, , 11, , 
2019/4/29, 21, 12, , 15, , 
2019/4/30, 21, 13, , 10, , 
2019/5/1, 30, 15, , 13, , 
2019/5/2, 38, 15, , 10, , 
2019/5/3, 34, 13, , 10, , 
2019/5/4, 25, 10, , 8, , 
2019/5/5, 13, 7, , 13, , 
2019/5/6, 13, 10, , 16, , 
2019/5/7, 25, 12, , 10, , 
2019/5/8, 25, 14, , 9, , 
2019/5/9, 21, 20, , 16, , 
2019/5/10, 30, 16, , 8, , 
2019/5/11, 34, 6, , 10, , 
2019/5/12, 13, 5, , 5, , 
2019/5/13, 13, 8, , 5, , 
2019/5/14, 25, 7, , 10, , 
2019/5/15, 17, 10, , 13, , 
2019/5/16, 21, 17, , 18, , 
2019/5/17, 34, 9, , 7, , 
2019/5/18, 21, 8, , 7, , 
2019/5/19, 17, 10, , 31, , 
2019/5/20, 17, 17, , 11, , 
2019/5/21, 25, 19, , 16, , 
2019/5/22, 34, 19, , 12, , 
2019/5/23, 42, 19, , 13, , 
2019/5/24, 46, 17, , 8, , 
2019/5/25, 46, 11, , 7, , 
2019/5/26, 30, 8, , 12, , 
2019/5/27, 17, 15, , 9, , 
2019/5/28, 30, 14, , 13, , 
2019/5/29, 25, , , 8, , 
2019/5/31, 21, 12, , 14, , 
2019/6/1, 30, 14, , 13, , 
2019/6/2, 34, , , , , 
2019/6/4, 34, 16, , 15, , 
2019/6/5, 42, 18, , 17, , 
2019/6/6, 38, 18, , 11, , 
2019/6/7, 42, 25, , 12, , 
2019/6/8, 53, 33, , 12, , 
2019/6/9, 59, 40, , 12, , 
2019/6/10, 63, 39, , 8, , 
2019/6/11, 59, 25, , 10, , 
2019/6/12, 50, 15, , 13, , 
2019/6/13, 30, 36, , 14, , 
2019/6/14, 59, 34, , 5, , 
2019/6/15, 46, 22, , 9, , 
2019/6/16, 42, 24, , 9, , 
2019/6/17, 50, 20, , 9, , 
2019/6/18, 53, 19, , 11, , 
2019/6/19, 50, 17, , 12, , 
2019/6/20, 42, 21, , 11, , 
2019/6/21, 50, 23, , 9, , 
2019/6/22, 53, 17, , 8, , 
2019/6/23, 42, 15, , 9, , 
2019/6/24, 46, 18, , 12, , 
2019/6/25, 46, 23, , 13, , 
2019/6/26, 55, 24, , 12, , 
2019/6/27, 59, 24, , 7, , 
2019/6/28, 57, 24, , 10, , 
2019/6/29, 57, 17, , 9, , 
2019/6/30, 50, 21, , 18, , 
2019/1/1, 129, 43, 24, 23, 1, 
2019/1/2, 109, 48, 17, 30, 2, 
2019/1/3, 114, 48, 16, 35, 2, 
2019/1/4, 114, 53, 12, 29, 2, 
2019/1/5, 132, 54, 18, 29, 1, 
2019/1/6, 137, 56, 10, 38, 2, 
2019/1/7, 139, 60, 4, 46, 2, 
2019/1/8, 152, 56, 9, 38, 2, 
2019/1/9, 139, 53, 12, 37, 2, 
2019/1/10, 112, 51, 12, 38, 2, 
2019/1/11, 99, 51, 13, 30, 2, 
2019/1/12, 114, 52, 12, 28, 9, 
2019/1/13, 127, 43, 24, 34, 10, 
2019/1/14, 91, 30, 24, 35, 2, 
2019/1/15, 63, 30, 22, 27, 1, 
2019/1/16, 70, 16, 24, 17, 1, 
2019/1/17, 42, 20, 24, 23, 3, 
2019/1/18, 38, 14, 23, 25, 1, 
2019/1/19, 42, 19, 23, 23, 1, 
2019/1/20, 55, 13, 30, 21, 1, 
2019/1/21, 42, 19, 28, 39, 1, 
2019/1/22, 55, 10, 22, 12, 1, 
2019/1/23, 46, 12, 27, 27, 1, 
2019/1/24, 34, 23, 27, 29, 1, 
2019/1/25, 61, 37, 24, 31, 2, 
2019/1/26, 89, 32, 29, 22, 3, 
2019/1/27, 87, 13, 26, 17, 3, 
2019/1/28, 25, 21, 23, 28, 2, 
2019/1/29, 59, 13, 20, 23, 1, 
2019/1/30, 46, 13, 15, 18, 1, 
2019/1/31, 53, 12, 23, 19, 1, 
2019/2/1, 25, 11, 25, 18, 1, 
2019/2/2, 30, 6, 28, 7, 1, 
2019/2/3, 17, 10, 27, 27, 1, 
2019/2/4, 25, 25, 24, 33, 2, 
2019/2/5, 65, 24, 24, 37, 2, 
2019/2/6, 61, 31, 25, 38, 2, 
2019/2/7, 68, 37, 28, 33, 2, 
2019/2/8, 85, 41, 15, 28, 1, 
2019/2/9, 104, 36, 32, 20, 2, 
2019/2/10, 93, 20, 29, 27, 2, 
2019/2/11, 42, 20, 29, 38, 4, 
2019/2/12, 46, 28, 26, 31, 2, 
2019/2/13, 72, 40, 29, 32, 3, 
2019/2/14, 89, 40, 25, 30, 2, 
2019/2/15, 91, 36, 29, 35, 2, 
2019/2/17, 93, 37, 34, 37, 1, 
2019/2/18, 91, 30, 29, 26, 1, 
2019/2/19, 76, 30, 32, 33, 2, 
2019/2/20, 72, 27, 32, 24, 2, 
2019/2/21, 74, 30, 35, 36, 1, 
2019/2/23, 59, 13, 40, 23, 1, 
2019/2/24, 38, , 28, 19, 2, 
2019/2/27, 78, 29, 38, 29, 1, 
2019/2/28, 70, , , 32, , 
2019/3/2, 74, 35, , 23, , 
2019/3/3, 76, 30, , 22, , 
2019/3/4, 59, 31, , 31, , 
2019/3/5, 38, 24, , 16, , 
2019/3/6, 46, 23, , 17, , 
2019/3/7, 42, 20, , 30, , 
2019/3/8, 30, 23, , 22, , 
2019/3/9, 46, 20, , 8, , 
2019/3/10, 34, 20, , 11, , 
2019/3/11, 25, 12, , 32, , 
2019/3/12, 21, 16, , 17, , 
2019/3/13, 42, 20, , 20, , 
2019/3/14, 38, 26, , 29, , 
2019/3/15, 34, 28, , 21, , 
2019/3/16, 50, 18, , 9, , 
2019/3/17, 30, 13, , 17, , 
2019/3/18, 21, 9, , 20, , 
2019/3/19, 17, 10, , 10, , 
2019/3/20, 21, 16, , 28, , 
2019/3/21, 34, 22, , 32, , 
2019/3/22, 53, 23, , 29, , 
2019/3/23, 57, 25, , 21, , 
2019/3/24, 61, 20, , 16, , 
2019/3/25, 53, 10, , 12, , 
2019/3/26, 25, 7, , 11, , 
2019/3/27, 17, 8, , 8, , 
2019/3/28, 21, 14, , 29, , 
2019/3/29, 34, 20, , 27, , 
2019/3/30, 53, 21, , 24, , 
2019/3/31, 57, 23, , 21, , 
2018/10/1, 74, 7, 28, 20, 1, 
2018/10/2, 17, 13, 37, 27, 1, 
2018/10/3, 30, 8, 36, 10, 1, 
2018/10/4, 17, 10, 32, 18, 2, 
2018/10/5, 30, 12, 32, 16, 1, 
2018/10/6, 34, 15, 36, 12, 2, 
2018/10/7, 50, 17, 36, 23, 2, 
2018/10/8, 50, 16, 35, 22, 1, 
2018/10/9, 46, 21, 36, 21, 2, 
2018/10/10, 59, 18, 27, 18, 1, 
2018/10/11, 55, 26, 35, 22, 1, 
2018/10/12, 61, 24, 35, 21, 1, 
2018/10/13, 68, 26, 40, 23, 8, 
2018/10/14, 70, 31, 39, 28, 2, 
2018/10/15, 76, 23, 20, 19, 1, 
2018/10/16, 61, 12, 26, 20, 1, 
2018/10/17, 38, 17, 33, 22, 1, 
2018/10/18, 38, 29, 38, 27, 2, 
2018/10/19, 63, 31, 40, 16, 2, 
2018/10/20, 70, 25, 41, 14, 3, 
2018/10/21, 68, 11, 35, 23, 1, 
2018/10/22, 34, 23, 40, 39, 1, 
2018/10/23, 59, 27, 41, 28, 2, 
2018/10/24, 61, 31, 37, 30, 2, 
2018/10/25, 63, 23, 23, 19, 2, 
2018/10/26, 55, 18, 34, 8, 1, 
2018/10/27, 34, 22, 35, 12, 1, 
2018/10/28, 34, 33, 32, 6, 1, 
2018/10/29, 53, 11, 27, 21, 4, 
2018/10/30, 21, 10, 30, 9, 1, 
2018/10/31, 17, 25, 30, 20, 1, 
2018/11/1, 38, 14, 24, 14, 1, 
2018/11/2, 30, 10, 24, 17, 1, 
2018/11/3, 21, 13, 26, 9, 1, 
2018/11/4, 34, 9, 30, 8, 1, 
2018/11/5, 21, 12, 28, 15, 1, 
2018/11/6, 25, 11, 29, 27, 2, 
2018/11/7, 25, 20, 28, 20, 1, 
2018/11/8, 50, 21, 30, 27, 1, 
2018/11/9, 50, 23, 31, 20, 1, 
2018/11/10, 59, 21, 22, 15, 1, 
2018/11/11, 59, 26, 27, 22, 2, 
2018/11/12, 63, 30, 13, 20, 1, 
2018/11/13, 70, 37, 17, 24, 2, 
2018/11/14, 80, 34, 20, 31, 1, 
2018/11/15, 72, 21, 26, 17, 2, 
2018/11/16, 55, 18, 26, 9, 1, 
2018/11/17, 38, 17, 26, 19, 2, 
2018/11/18, 55, 14, 22, 18, 2, 
2018/11/19, 42, 9, 16, 21, 2, 
2018/11/20, 25, 14, 14, 21, 2, 
2018/11/21, 46, 30, 17, 29, 2, 
2018/11/22, 68, 14, 23, 17, 2, 
2018/11/23, 46, 22, 27, 18, 2, 
2018/11/24, 38, 24, 15, 19, 2, 
2018/11/25, 59, 15, 19, 27, 2, 
2018/11/26, 38, 24, 15, 20, 2, 
2018/11/27, 57, 37, 15, 28, 1, 
2018/11/28, 68, 40, 15, 30, 1, 
2018/11/29, 74, 30, 15, 36, 1, 
2018/11/30, 72, 31, 22, 28, 1, 
2018/12/1, 72, 37, 7, 17, 1, 
2018/12/2, 97, 15, 18, 21, 2, 
2018/12/3, 53, 26, 19, 26, 2, 
2018/12/4, 61, 34, 10, 27, 1, 
2018/12/5, 78, 26, 8, 22, , 
2018/12/6, 70, 31, 24, 24, 4, 
2018/12/7, 72, 21, 29, 26, 4, 
2018/12/8, 38, 31, 29, 29, 5, 
2018/12/9, 55, 31, 23, 24, 2, 
2018/12/10, 70, 51, 15, 36, 1, 
2018/12/11, 102, 38, 27, 28, 1, 
2018/12/12, 82, , 24, 27, 1, 
2018/12/14, 34, 30, 24, 27, 1, 
2018/12/15, 68, 23, 24, 18, 1, 
2018/12/16, 70, 30, 22, 27, 1, 
2018/12/17, 59, , 13, 32, 2, 
2018/12/19, 91, 30, 16, 27, 1, 
2018/12/20, 63, , 30, 25, 14, 
2018/12/22, 42, 24, 16, 22, 9, 
2018/12/23, 55, 17, 19, 16, 4, 
2018/12/24, 42, , , , 1, 
2018/12/25, 61, 43, , 31, 1, 
2018/12/26, 104, 55, , 38, 1, 
2018/12/27, 132, 50, , 26, 1, 
2018/12/28, 119, 51, , 33, 1, 
2018/12/29, 124, 47, , 27, 1, 
2018/12/30, 117, , , , , 
2018/7/1, 46, 15, 47, 11, 1, 
2018/7/2, 42, 23, 34, 7, 1, 
2018/7/3, 53, 22, 34, 8, , 
2018/7/4, 50, 22, 34, 8, 1, 
2018/7/5, 55, 20, 37, 11, , 
2018/7/6, 46, 19, 43, 8, 1, 
2018/7/7, 46, 16, 44, 5, 1, 
2018/7/8, 42, 16, 47, 9, 1, 
2018/7/9, 50, 15, 50, 12, 2, 
2018/7/10, 50, , , , , 
2018/7/12, 38, 18, 47, 6, 1, 
2018/7/13, 46, 19, 57, 9, 1, 
2018/7/14, 53, 18, 50, 7, 1, 
2018/7/15, 53, 20, 39, 8, 1, 
2018/7/16, 55, 12, 47, 7, 1, 
2018/7/17, 30, 18, 51, 11, 1, 
2018/7/18, 46, 17, 48, 9, 1, 
2018/7/19, 50, 16, 41, 8, 1, 
2018/7/20, 50, 18, 38, 9, 2, 
2018/7/21, 46, 16, 48, 4, 1, 
2018/7/22, 42, 12, 46, 6, 1, 
2018/7/23, 34, 14, 48, 8, 1, 
2018/7/24, 42, 15, 41, 8, 1, 
2018/7/25, 42, 19, 51, 8, 1, 
2018/7/26, 55, 19, 63, 11, 1, 
2018/7/27, 53, 17, 40, 6, 1, 
2018/7/28, 53, 20, 40, 6, 1, 
2018/7/29, 50, 22, 47, 6, 1, 
2018/7/30, 61, , 51, 5, 1, 
2018/8/1, 63, 24, 52, 16, 1, 
2018/8/2, 63, 18, 41, 8, 2, 
2018/8/3, 53, 20, 52, 9, 1, 
2018/8/4, 57, 20, 48, 7, 1, 
2018/8/5, 55, 21, 64, 8, 2, 
2018/8/6, 57, 20, 46, 8, 1, 
2018/8/7, 57, 19, 41, 6, 2, 
2018/8/8, 55, 19, 42, 6, 2, 
2018/8/9, 57, 17, 43, 7, 1, 
2018/8/10, 42, 15, 47, 6, 1, 
2018/8/11, 30, 14, 43, 6, 1, 
2018/8/12, 34, 16, 44, 5, 1, 
2018/8/13, 38, 11, 39, 8, 1, 
2018/8/14, 30, 9, 39, 8, 1, 
2018/8/15, 25, 10, 41, 8, 2, 
2018/8/16, 30, 13, 48, 9, 1, 
2018/8/17, 38, 15, 55, 9, 1, 
2018/8/18, 46, 19, 48, 8, 2, 
2018/8/19, 59, 26, 50, 11, 2, 
2018/8/20, 68, 23, 52, 13, 2, 
2018/8/21, 61, 21, 53, 13, 2, 
2018/8/22, 57, 23, 59, 11, 2, 
2018/8/23, 61, 20, 55, 10, 2, 
2018/8/24, 55, 20, 40, 4, 2, 
2018/8/25, 42, 8, 33, 2, 2, 
2018/8/26, 21, 7, 41, 13, 1, 
2018/8/27, 17, 14, 48, 18, 2, 
2018/8/28, 38, 13, 46, 8, 2, 
2018/8/29, 38, 20, 40, 11, 2, 
2018/8/30, 57, 19, 40, 6, 1, 
2018/8/31, 46, 15, 35, 8, 1, 
2018/9/1, 34, 10, 37, 9, 1, 
2018/9/2, 25, 12, 40, 11, 1, 
2018/9/3, 30, 13, 43, 14, 2, 
2018/9/4, 34, 16, 45, 11, 50, 
2018/9/5, 42, 17, 52, 10, 2, 
2018/9/6, 50, 17, 45, , 2, 
2018/9/9, 50, 19, 44, 14, 2, 
2018/9/10, 53, 21, 49, 20, 1, 
2018/9/12, 57, 25, 31, 14, 2, 
2018/9/13, 57, 20, 39, 9, 2, 
2018/9/14, 50, 21, 41, 13, 1, 
2018/9/15, 50, 20, 41, 13, 3, 
2018/9/16, 57, 18, 36, 15, 1, 
2018/9/17, 53, 18, 37, 11, 2, 
2018/9/18, 46, 20, 38, 13, 1, 
2018/9/19, 50, 24, 45, 18, 1, 
2018/9/20, 61, 23, 50, 20, 2, 
2018/9/21, 61, 22, 42, 19, 2, 
2018/9/22, 57, 21, 37, 11, 1, 
2018/9/23, 50, 16, 31, 8, 1, 
2018/9/24, 42, 12, 32, 2, 1, 
2018/9/25, 34, 15, 34, 13, 1, 
2018/9/26, 38, 16, 41, 15, 2, 
2018/9/27, 38, 17, 41, 39, 2, 
2018/9/28, 38, 20, 40, 24, 3, 
2018/9/29, 53, 16, 44, 28, 3, 
2018/9/30, 42, 28, 35, 17, 5, 
2018/4/1, 17, 20, 39, 12, , 
2018/4/2, 17, 15, 35, 13, , 
2018/4/3, 21, 10, 32, 12, , 
2018/4/4, 25, 18, 35, 22, , 
2018/4/5, 30, 19, 32, 16, , 
2018/4/6, 50, 17, 40, 13, , 
2018/4/7, 50, 14, 38, 13, , 
2018/4/8, 50, 10, 38, 21, , 
2018/4/9, 30, 10, 36, 12, , 
2018/4/10, 25, 12, 29, 13, , 
2018/4/11, 30, 19, 33, 21, , 
2018/4/12, 38, 10, 42, 19, , 
2018/4/13, 13, 18, 37, 14, , 
2018/4/14, 46, 29, 36, 11, , 
2018/4/15, 57, 30, 40, 20, , 
2018/4/16, 53, 25, 35, 9, , 
2018/4/17, 50, 18, 37, 9, , 
2018/4/18, 38, 20, 46, 21, , 
2018/4/19, 55, 23, 45, 19, , 
2018/4/20, 55, 20, 45, 13, , 
2018/4/21, 50, 20, 50, 15, , 
2018/4/22, 55, 23, 40, 8, , 
2018/4/23, 50, 28, 36, 11, , 
2018/4/24, 57, 23, 38, 10, , 
2018/4/25, 55, 24, 41, 11, , 
2018/4/26, 59, 26, 43, 16, , 
2018/4/27, 59, 27, 48, 11, , 
2018/4/28, 61, 25, 48, 7, , 
2018/4/29, 61, 18, 37, 8, , 
2018/4/30, 25, 14, 27, 6, , 
2018/5/1, 30, 10, 19, 16, , 
2018/5/2, 25, 16, 36, 8, , 
2018/5/3, 38, 16, 44, 5, , 
2018/5/4, 25, 14, 33, 9, , 
2018/5/5, 25, 15, 28, 8, , 
2018/5/6, 34, 19, 32, 9, , 
2018/5/7, 46, 19, 35, 9, , 
2018/5/8, 50, 14, 42, 8, , 
2018/5/9, 42, 14, 43, 8, , 
2018/5/10, 38, 15, 41, 6, , 
2018/5/11, 38, 16, 35, 6, , 
2018/5/12, 34, 14, 36, 8, , 
2018/5/13, 34, 9, 34, 7, , 
2018/5/14, 9, 10, 37, 16, , 
2018/5/15, 13, 10, 36, 19, , 
2018/5/16, 21, , 32, 9, , 
2018/5/17, 30, 14, 44, 17, , 
2018/5/18, 38, 14, 51, 10, , 
2018/5/19, 42, 12, 48, 9, , 
2018/5/20, 38, , 41, 15, , 
2018/5/24, 42, 16, 43, 10, 2, 
2018/5/25, 50, 20, 51, 6, , 
2018/5/26, 57, 21, 43, 10, 1, 
2018/5/27, 61, 21, 36, 9, , 
2018/5/28, 53, 24, 45, 6, 1, 
2018/5/29, 53, 26, 32, 15, 1, 
2018/5/30, 55, 23, 32, 6, , 
2018/5/31, 50, 16, 36, 10, 1, 
2018/6/1, 38, 14, 37, 9, , 
2018/6/2, 34, 14, 44, 12, , 
2018/6/3, 42, 17, 41, 8, 1, 
2018/6/4, 38, 12, 41, 11, , 
2018/6/5, 30, 16, 30, 11, , 
2018/6/6, 34, 18, 30, 6, , 
2018/6/7, 38, 16, 37, 6, , 
2018/6/8, 30, 13, 34, 7, 1, 
2018/6/9, 25, 13, 34, 8, 1, 
2018/6/10, 38, 15, 34, 9, , 
2018/6/11, 38, 16, 32, 6, 1, 
2018/6/12, 30, 14, 29, 12, 1, 
2018/6/13, 25, 13, 32, 13, 1, 
2018/6/14, 25, 12, 40, 11, 1, 
2018/6/15, 30, 14, 43, 11, 1, 
2018/6/16, 38, , 41, 12, 1, 
2018/6/20, 42, 19, 48, 11, 1, 
2018/6/21, 50, 20, 42, 7, 1, 
2018/6/22, 55, 10, 38, 6, , 
2018/6/23, 25, 11, 43, 11, 1, 
2018/6/24, 30, 10, 34, 10, 1, 
2018/6/25, 34, 7, 38, 8, 1, 
2018/6/26, 17, 11, 45, 12, 1, 
2018/6/27, 34, 10, 45, 12, 1, 
2018/6/28, 30, 13, 50, 8, 1, 
2018/6/29, 38, 17, 53, 11, 1, 
2018/6/30, 46, 16, 55, 13, 1, 
2018/1/1, 63, 17, 29, 27, , 
2018/1/2, 25, 24, 16, 29, , 
2018/1/3, 59, 21, 10, 19, , 
2018/1/4, 59, 28, 18, 22, , 
2018/1/5, 55, 22, 17, 18, , 
2018/1/6, 57, 10, 22, 8, , 
2018/1/7, 25, 20, 22, 8, , 
2018/1/8, 42, 32, 26, 30, , 
2018/1/9, 50, 16, 12, 27, , 
2018/1/10, 50, 10, 18, 15, , 
2018/1/11, 30, 13, 19, 17, , 
2018/1/12, 38, 21, 18, 26, , 
2018/1/13, 57, 33, 11, 26, , 
2018/1/14, 85, 32, 15, 29, , 
2018/1/15, 85, 19, 28, 11, , 
2018/1/16, 25, 23, 30, 31, , 
2018/1/17, 34, 20, 30, 22, , 
2018/1/18, 34, 22, 29, 30, , 
2018/1/19, 42, 20, 28, 15, , 
2018/1/20, 50, 19, 22, 26, , 
2018/1/21, 42, 24, 11, 27, , 
2018/1/22, 70, 30, 18, 29, , 
2018/1/23, 72, 36, , 32, , 
2018/1/24, 87, 38, , 30, , 
2018/1/25, 89, 16, 21, 15, , 
2018/1/26, 46, 26, 23, 27, , 
2018/1/27, 65, 33, 23, 22, , 
2018/1/28, 87, 29, 24, 30, , 
2018/1/29, 74, 23, 22, 31, , 
2018/1/30, 55, 21, 17, 22, , 
2018/1/31, 59, 13, 24, 20, , 
2018/2/1, 25, 7, 20, 16, , 
2018/2/2, 21, 9, 26, 21, , 
2018/2/3, 30, 16, 14, 22, , 
2018/2/4, 57, 11, 20, 22, , 
2018/2/5, 38, 11, 23, 23, , 
2018/2/6, 34, 16, 19, 26, , 
2018/2/7, 42, 21, 21, 24, , 
2018/2/8, 50, 24, 22, 31, , 
2018/2/9, 59, 35, 26, 31, , 
2018/2/10, 85, 39, 29, 32, , 
2018/2/11, 89, 17, 19, 23, , 
2018/2/12, 61, 15, 23, 27, , 
2018/2/13, 50, 15, 28, 26, , 
2018/2/14, 53, 28, 26, 33, , 
2018/2/15, 74, 50, 6, 28, , 
2018/2/16, 122, 25, 12, 17, , 
2018/2/17, 74, 10, 20, 15, , 
2018/2/18, 38, 11, 21, 26, , 
2018/2/19, 34, 17, 25, 24, , 
2018/2/20, 57, 9, 23, 14, , 
2018/2/21, 30, 5, 22, 17, , 
2018/2/22, 17, 3, 23, 11, , 
2018/2/24, 30, 9, 30, 5, , 
2018/2/25, 34, 11, 28, 10, , 
2018/2/26, 38, 21, 28, 17, , 
2018/2/27, 65, 20, 28, 13, , 
2018/2/28, 65, 13, 26, 30, , 
2018/3/1, 53, 16, 30, 28, , 
2018/3/2, 38, 12, 19, 26, , 
2018/3/3, 42, 18, 21, 18, , 
2018/3/4, 55, 10, 24, 25, , 
2018/3/5, 38, 8, 32, 20, , 
2018/3/6, 30, 15, 32, 16, , 
2018/3/7, 21, 20, 32, 32, , 
2018/3/8, 38, 23, 32, 24, , 
2018/3/9, 55, 20, 13, 17, , 
2018/3/10, 61, 10, 24, 25, , 
2018/3/11, 25, 17, 32, 14, , 
2018/3/12, 30, 20, 34, 17, , 
2018/3/13, 25, 20, 33, 24, , 
2018/3/14, 30, 12, 25, 15, , 
2018/3/15, 38, 15, 33, 26, , 
2018/3/16, 30, 8, 36, 10, , 
2018/3/17, 17, 6, 30, 10, , 
2018/3/18, 13, 7, 23, 18, , 
2018/3/19, 21, 10, 27, 22, , 
2018/3/20, 30, 11, 34, 7, , 
2018/3/21, 34, 13, 33, 32, , 
2018/3/22, 42, 25, 38, 37, , 
2018/3/23, 68, 20, 37, 22, , 
2018/3/24, 61, 12, 35, 10, , 
2018/3/25, 46, 24, 42, 30, , 
2018/3/26, 69, 29, 44, 31, , 
2018/3/27, 76, 26, 34, 23, , 
2018/3/28, 63, 18, 25, 15, , 
2018/3/29, 34, , 31, 19, , 
2018/3/31, 17, 15, 37, 5, , 
2017/10/1, 68, 22, 26, 11, , 
2017/10/2, 63, 20, 35, 13, , 
2017/10/3, 53, 19, 37, 26, , 
2017/10/4, 50, 17, 28, 17, , 
2017/10/5, 50, 15, 32, 13, , 
2017/10/6, 38, 12, 35, 30, , 
2017/10/7, 30, 15, 36, 23, , 
2017/10/8, 38, 18, 35, 26, , 
2017/10/9, 38, 20, 38, , , 
2017/10/10, 46, 20, 36, , , 
2017/10/11, 53, 20, 35, 30, , 
2017/10/12, 50, 21, 34, 32, , 
2017/10/13, 55, 21, 34, 26, , 
2017/10/14, 57, 18, 34, 24, , 
2017/10/15, 55, 20, 30, 25, , 
2017/10/16, 55, 27, 26, 31, , 
2017/10/17, 65, 26, 35, 27, , 
2017/10/18, 65, 28, 29, 28, , 
2017/10/19, 61, 22, 29, 24, , 
2017/10/20, 57, 20, 30, 16, , 
2017/10/21, 55, 19, 29, 17, , 
2017/10/22, 38, 16, 34, 20, , 
2017/10/23, 34, 21, 27, 33, , 
2017/10/24, 50, 25, 27, 34, , 
2017/10/25, 59, 28, 34, 32, , 
2017/10/26, 61, 28, 5, 26, , 
2017/10/27, 72, 21, 28, 29, , 
2017/10/28, 61, 21, 31, 19, , 
2017/10/29, 57, 25, 27, 27, , 
2017/10/30, 59, 14, 30, 35, , 
2017/10/31, 38, 26, 32, 33, , 
2017/11/1, 65, 30, 20, 31, , 
2017/11/2, 74, 22, 10, 24, , 
2017/11/3, 65, 20, 17, 18, , 
2017/11/4, 57, 10, 26, 15, , 
2017/11/5, 25, 12, 15, 18, , 
2017/11/6, 21, , 24, 17, , 
2017/11/8, 53, 17, 9, 22, , 
2017/11/9, 53, 20, 24, 26, , 
2017/11/10, 59, 27, 24, 26, , 
2017/11/11, 72, 20, 23, 16, , 
2017/11/12, 57, 6, 23, 17, , 
2017/11/13, 13, 7, 23, 14, , 
2017/11/14, 17, 12, 18, 26, , 
2017/11/15, 25, 20, 17, 30, , 
2017/11/16, 55, 30, 17, 33, , 
2017/11/17, 74, 33, 20, 29, , 
2017/11/18, 82, 32, 26, 29, , 
2017/11/19, 82, 30, 16, 35, , 
2017/11/20, 80, 30, 16, 26, , 
2017/11/21, 80, 38, 15, 29, , 
2017/11/22, 89, 35, 19, 27, , 
2017/11/23, 85, 38, 18, 27, , 
2017/11/24, 87, 27, 24, 17, , 
2017/11/25, 65, 13, 26, 19, , 
2017/11/26, 34, 22, 16, 31, , 
2017/11/27, 63, 20, 10, 23, , 
2017/11/28, 65, 20, 11, 24, , 
2017/11/29, 61, 20, 17, 30, , 
2017/11/30, 61, 19, 20, 31, , 
2017/12/1, 59, 10, 23, 14, , 
2017/12/2, 25, 12, , 22, , 
2017/12/3, 38, 35, , 32, , 
2017/12/4, 87, 47, 11, 34, , 
2017/12/5, 114, 54, 7, 32, , 
2017/12/6, 134, 42, 5, 32, , 
2017/12/7, 109, 13, 34, 23, , 
2017/12/8, 30, 18, 25, 28, , 
2017/12/9, 50, 15, 17, 17, , 
2017/12/10, 50, 20, 24, 15, , 
2017/12/11, 30, 16, 30, 29, , 
2017/12/12, 30, 12, 27, 19, , 
2017/12/13, 25, 16, 26, 6, , 
2017/12/14, 21, , 28, , , 
2017/12/16, 42, 30, 13, 25, , 
2017/12/17, 78, 27, 11, 26, , 
2017/12/18, 74, 28, 16, 28, , 
2017/12/19, 74, 30, 14, 34, , 
2017/12/20, 74, 41, 15, 32, , 
2017/12/21, 93, 54, 5, 36, , 
2017/12/22, 127, 54, 4, 38, , 
2017/12/23, 129, 61, 4, 27, , 
2017/12/24, 155, 56, 2, 19, , 
2017/12/25, 152, 12, 17, 14, , 
2017/12/26, 42, 10, 23, 15, , 
2017/12/27, 25, 19, 20, 23, , 
2017/12/28, 46, , , , , 
2017/12/31, 85, 24, 28, 25, , 
2017/7/4, 30, 14, 35, 10, , 
2017/7/5, 34, 12, 37, 17, , 
2017/7/6, 34, 14, 39, 17, , 
2017/7/7, 38, 16, 39, 13, , 
2017/7/8, 46, 17, 43, 10, , 
2017/7/9, 42, 17, 42, 11, , 
2017/7/10, 38, 20, 35, 8, , 
2017/7/11, 50, 19, 35, 11, , 
2017/7/12, 46, 21, 37, 8, , 
2017/7/13, 42, 21, 39, 7, , 
2017/7/14, 53, 18, 43, 6, , 
2017/7/15, 46, 9, 47, 6, , 
2017/7/16, 25, 12, 36, 4, , 
2017/7/17, 30, 18, 43, 8, , 
2017/7/18, 55, 18, 53, 22, , 
2017/7/19, 53, 20, 50, 13, , 
2017/7/20, 53, 19, 42, 11, , 
2017/7/22, 53, , 34, 6, , 
2017/7/24, 42, 20, 38, 10, , 
2017/7/25, 34, 20, 39, 8, , 
2017/7/26, 46, 22, 43, 19, , 
2017/7/27, 50, 18, 41, 11, , 
2017/7/28, 38, 16, 35, 9, , 
2017/7/29, 38, 15, 37, 8, , 
2017/7/30, 38, 16, 35, 7, , 
2017/7/31, 42, 20, 43, 8, , 
2017/8/1, 55, 20, 46, 12, , 
2017/8/2, 55, 30, 39, 24, , 
2017/8/3, 61, 29, , 12, , 
2017/8/4, 65, 29, , 23, , 
2017/8/5, 65, 21, , 21, , 
2017/8/6, 53, 22, , 10, , 
2017/8/7, 57, 20, 52, 11, , 
2017/8/8, 53, 20, 49, 11, , 
2017/8/9, 46, 17, 39, 10, , 
2017/8/10, 30, 17, 40, 12, , 
2017/8/11, 25, 10, 39, 4, , 
2017/8/12, 17, 11, 43, 7, , 
2017/8/13, 25, 10, 42, 10, , 
2017/8/14, 25, 12, 45, 11, , 
2017/8/15, 34, 14, 47, 11, , 
2017/8/16, 34, 15, 44, 9, , 
2017/8/17, 42, 20, , 10, , 
2017/8/18, 53, 20, , 8, , 
2017/8/19, 46, 16, 43, 7, , 
2017/8/20, 30, 10, 40, 4, , 
2017/8/21, 25, 13, , 6, , 
2017/8/22, 30, 12, 44, 15, , 
2017/8/23, 34, 14, 45, 10, , 
2017/8/24, 38, 16, 44, 10, , 
2017/8/25, 42, 15, 41, 13, , 
2017/8/26, 46, 15, 38, 13, , 
2017/8/27, 46, 18, 39, 14, , 
2017/8/28, 53, 22, 39, 11, , 
2017/8/29, 55, , 51, 12, , 
2017/8/31, 55, 17, 41, 10, , 
2017/9/1, 34, 15, 35, 10, , 
2017/9/2, 21, 8, 38, 5, , 
2017/9/3, 17, 10, 39, 21, , 
2017/9/4, 24, 11, 38, 21, , 
2017/9/5, 25, , 38, 21, , 
2017/9/9, 38, 7, 35, 15, , 
2017/9/10, 21, 10, 33, 7, , 
2017/9/11, 25, 21, 37, 10, , 
2017/9/12, 25, 18, 36, 10, , 
2017/9/13, 25, 16, 32, 10, , 
2017/9/14, 25, 18, 30, 15, , 
2017/9/15, 30, 11, 30, 13, , 
2017/9/16, 25, 12, 32, 12, , 
2017/9/17, 17, 10, 32, 7, , 
2017/9/18, 17, 9, 30, 11, , 
2017/9/19, 17, 11, 28, 16, , 
2017/9/20, 25, 15, 37, 24, , 
2017/9/21, 34, 19, 39, 16, , 
2017/9/22, 46, 16, 41, 25, , 
2017/9/23, 38, 15, 39, 19, , 
2017/9/24, 42, 14, 29, 10, , 
2017/9/25, 42, 15, 35, 15, , 
2017/9/26, 42, 18, 37, 18, , 
2017/9/27, 55, 23, 39, 18, , 
2017/9/28, 61, 25, 38, 22, , 
2017/9/29, 63, 26, 37, 29, , 
2017/9/30, 61, 25, 42, 20, , 
2017/4/1, 63, 19, 40, 12, , 
2017/4/2, 55, 19, 43, 31, , 
2017/4/3, 56, 20, 41, 19, , 
2017/4/4, 60, 25, 39, 20, , 
2017/4/5, 69, 24, 38, 21, , 
2017/4/6, 63, 20, 39, 22, , 
2017/4/7, 61, 20, 44, 16, , 
2017/4/8, 59, 21, 46, 13, , 
2017/4/9, 62, 17, 44, 11, , 
2017/4/10, 53, 18, 40, 16, , 
2017/4/11, 46, 18, 44, 11, , 
2017/4/12, 54, 18, 40, 16, , 
2017/4/13, 42, 19, 44, 17, , 
2017/4/14, 52, 20, 32, 12, , 
2017/4/15, 58, 16, 39, 11, , 
2017/4/16, 50, 10, 37, 16, , 
2017/4/17, 30, 10, 34, 10, , 
2017/4/18, 25, 6, 37, 12, , 
2017/4/19, 17, 11, 40, 20, , 
2017/4/20, 29, 14, 45, 25, , 
2017/4/21, 37, 15, 45, 18, , 
2017/4/22, 34, 16, 45, 12, , 
2017/4/23, 30, 16, 45, 12, , 
2017/4/24, 41, 14, 39, 5, , 
2017/4/25, 34, 23, 35, 12, , 
2017/4/26, 41, 19, 28, 14, , 
2017/4/27, 30, 15, 35, 13, , 
2017/4/28, 25, 10, 41, 13, , 
2017/4/29, 29, 10, 43, 20, , 
2017/4/30, 33, 11, 39, 9, , 
2017/5/1, 30, 11, 34, 27, , 
2017/5/2, 21, 11, 33, 20, , 
2017/5/3, 21, 9, 32, 12, , 
2017/5/4, 21, 9, 35, 15, , 
2017/5/5, 29, 11, 30, 13, , 
2017/5/6, 37, 13, 32, 8, , 
2017/5/7, 25, 12, 32, 16, , 
2017/5/8, 33, 12, 36, 11, , 
2017/5/9, 34, 12, 37, 11, , 
2017/5/10, 30, 17, 39, 10, , 
2017/5/11, 37, 18, 31, 20, , 
2017/5/12, 38, 17, 32, 9, , 
2017/5/13, 25, 17, 35, 7, , 
2017/5/14, 33, 16, 35, 10, , 
2017/5/15, 41, 13, 36, 13, , 
2017/5/16, 38, 14, 43, 22, , 
2017/5/17, 41, 15, 47, 18, , 
2017/5/18, 49, 14, 43, 17, , 
2017/5/19, 38, 15, 34, 6, , 
2017/5/20, 21, 12, 39, 12, , 
2017/5/21, 29, 13, 45, 11, , 
2017/5/22, 33, 13, 38, 12, , 
2017/5/23, 34, 14, 39, 15, , 
2017/5/24, 37, 17, 50, 11, , 
2017/5/25, 49, 11, 46, 16, , 
2017/5/26, 30, 14, 47, 9, , 
2017/5/27, 45, 15, 43, 10, , 
2017/5/28, 46, 15, 51, 11, , 
2017/5/29, 46, 16, 44, 12, , 
2017/5/30, 46, 15, 39, 9, , 
2017/5/31, 49, 16, 41, 11, , 
2017/6/1, 50, 16, 37, 8, , 
2017/6/6, 30, 19, 36, 7, , 
2017/6/7, 30, 19, 46, 15, , 
2017/6/8, 37, 18, 55, 11, , 
2017/6/9, 41, 16, 52, 10, , 
2017/6/10, 42, 18, 60, 10, , 
2017/6/11, 52, 18, 63, 12, , 
2017/6/12, 50, 16, 48, 12, , 
2017/6/13, 46, 16, 37, 13, , 
2017/6/14, 52, 19, 37, 7, , 
2017/6/15, 58, 20, 39, 6, , 
2017/6/16, 62, 22, 57, 12, , 
2017/6/17, 63, 11, 44, 4, , 
2017/6/18, 35, 11, 47, 12, , 
2017/6/19, 30, 12, 45, 13, , 
2017/6/20, 33, 12, 40, 8, , 
2017/6/21, 30, 12, 38, 9, , 
2017/6/22, 30, 15, 36, 7, , 
2017/6/23, 42, 17, 36, 8, , 
2017/6/24, 45, 19, 40, 4, , 
2017/6/25, 46, 20, 38, 7, , 
2017/6/26, 52, 20, 37, 10, , 
2017/6/27, 53, 24, 34, 9, , 
2017/6/28, 46, 12, 34, 1, , 
2017/6/29, 18, 12, 28, 10, , 
2017/6/30, 17, , 33, 9, , 
2017/1/3, 42, 36, 6, 34, , 
2017/1/4, 82, 16, , , , 
2017/1/5, 50, 13, 23, 26, , 
2017/1/6, 42, 19, 26, 30, , 
2017/1/7, 55, 29, 23, 19, , 
2017/1/8, 76, 49, 20, 33, , 
2017/1/9, 112, 22, 23, 28, , 
2017/1/10, 65, 31, 22, 39, , 
2017/1/11, 78, 46, 7, 28, , 
2017/1/12, 112, 14, 29, 15, , 
2017/1/13, 30, 23, 22, 27, , 
2017/1/14, 57, 14, 26, 24, , 
2017/1/15, 46, 6, , , , 
2017/1/16, 17, 10, 25, 8, , 
2017/1/17, 25, 13, 26, 15, , 
2017/1/18, 30, 20, 27, 34, , 
2017/1/19, 55, 23, 29, , , 
2017/1/20, 59, 14, 31, 22, , 
2017/1/21, 46, 10, 31, 14, , 
2017/1/23, 30, 15, 30, 33, , 
2017/1/24, 38, 27, 31, 41, , 
2017/1/25, 65, 32, 28, 44, , 
2017/1/26, 76, 48, 19, 50, , 
2017/1/27, 104, 35, 29, 44, , 
2017/1/28, 80, 43, 31, 38, , 
2017/1/29, 97, 47, 7, 30, , 
2017/1/30, 114, 25, 15, 33, , 
2017/1/31, 72, 20, 23, 32, , 
2017/2/1, 50, 28, 18, 29, , 
2017/2/2, 63, 20, 28, 19, , 
2017/2/3, 34, 16, 31, 22, , 
2017/2/4, 25, 13, 28, 17, , 
2017/2/5, 17, 13, 7, 23, , 
2017/2/6, 38, 15, 25, 30, , 
2017/2/7, 34, 15, 31, 23, , 
2017/2/9, 38, 21, 20, 28, , 
2017/2/10, 59, 30, 25, 28, , 
2017/2/11, 78, 15, 27, 26, , 
2017/2/12, 50, 29, 28, 38, , 
2017/2/13, 74, 27, 27, 34, , 
2017/2/14, 65, 36, 30, 37, , 
2017/2/15, 80, 38, 32, 37, , 
2017/2/16, 91, 20, 32, 25, , 
2017/2/17, 53, 14, 31, 28, , 
2017/2/18, 46, 21, 34, 36, , 
2017/2/19, 61, 26, 32, 30, , 
2017/2/20, 68, 31, 32, 42, , 
2017/2/21, 72, 27, 24, 33, , 
2017/2/22, 70, 24, 26, 29, , 
2017/2/23, 59, 19, 18, 26, , 
2017/2/24, 46, 8, 30, 11, , 
2017/2/25, 21, 19, 34, 33, , 
2017/2/26, 55, 32, 24, 25, , 
2017/2/27, 80, 23, 32, 18, , 
2017/2/28, 50, 20, 36, 18, , 
2017/3/1, 25, 24, 34, 28, , 
2017/3/2, 38, 26, 26, 28, , 
2017/3/3, 57, 12, 32, 12, , 
2017/3/4, 21, 10, 35, 5, , 
2017/3/5, 13, 20, , 20, , 
2017/3/6, 17, 12, , 20, , 
2017/3/7, 34, 17, , 38, , 
2017/3/8, 50, 26, 36, 28, , 
2017/3/9, 65, 26, 27, 24, , 
2017/3/10, 65, 11, 36, 32, , 
2017/3/11, 30, , 39, 34, , 
2017/3/13, 65, 26, 39, 26, , 
2017/3/14, 65, , 37, 23, , 
2017/3/16, 78, 30, 47, 37, , 
2017/3/17, 72, 28, 27, 20, , 
2017/3/18, 55, 31, 30, 31, , 
2017/3/19, 61, 30, 28, 19, , 
2017/3/20, 68, 26, 24, 19, , 
2017/3/21, 61, 19, 29, 20, , 
2017/3/22, 46, 18, 24, 17, , 
2017/3/23, 46, 25, 31, 28, , 
2017/3/24, 61, 20, 36, 16, , 
2017/3/25, 53, 10, 36, 11, , 
2017/3/26, 21, 10, 37, 12, , 
2017/3/27, 29, 14, 41, 59, , 
2017/3/28, 41, 19, 41, 20, , 
2017/3/29, 56, 20, 40, 12, , 
2017/3/30, 58, 21, 42, 14, , 
2017/3/31, 64, 22, 43, 15, , 
2024/11/8, , 25, , , , 
2024/11/9, , 25, , 15, , 
2024/8/2, , 21, , 7, , 
2024/8/21, , 20, , 8, , 
2024/4/26, , 13, , 11, , 
2024/5/2, , 9, , 6, , 
2024/3/4, , 18, , 13, , 
2023/12/29, , 20, , 11, , 
2023/8/25, , 19, , 9, , 
2023/6/15, , 9, , 8, , 
2023/6/16, , 15, , 8, , 
2023/1/3, , 34, , 17, , 
2023/2/28, , 8, , 21, , 
2022/10/6, , 22, , 17, , 
2022/10/31, , 28, , 17, , 
2022/6/30, , 15, , 14, , 
2022/7/11, , 11, , 12, , 
2022/7/14, , 13, , 8, , 
2022/4/5, , 15, , 17, , 
2022/6/28, , 20, , 8, , 
2022/6/29, , 18, , 11, , 
2022/3/16, , 42, , 17, , 
2021/10/20, , 17, , 15, , 
2021/7/28, , 20, , 5, , 
2021/8/16, , 30, , 5, , 
2021/9/16, , 15, , 12, , 
2021/4/2, , 17, , 11, , 
2021/6/23, , 14, , 6, , 
2021/3/8, , 16, , 17, , 
2020/10/30, , 25, , 21, , 
2020/8/13, , 19, , 5, , 
2020/9/9, , 24, , 11, , 
2020/4/10, , 18, , , , 
2020/4/11, , 17, , 6, , 
2020/5/5, , 12, , 9, , 
2020/6/4, , 17, , 6, , 
2020/6/25, , 16, , 13, , 
2020/1/4, , 41, , , , 
2020/1/5, , 31, , 23, , 
2020/2/3, , 23, , 14, , 
2020/3/5, , 14, , 19, , 
2019/10/10, , 25, , 33, , 
2019/11/18, , 7, , 11, , 
2019/11/19, , 10, , 26, , 
2019/12/27, , 32, , 22, , 
2019/7/10, , 13, , 13, , 
2019/7/31, , 16, , , , 
2019/8/22, , 18, , 12, , 
2019/9/6, , 11, , 13, , 
2019/5/30, , 10, , 13, , 
2019/6/3, , 14, , 11, , 
2018/12/31, , 51, , 35, 2, 
2019/2/16, , 40, 35, 32, 2, 
2019/2/22, , 20, 37, 23, 1, 
2019/2/26, , 36, 29, 35, 2, 
2019/3/1, , 35, , 34, , 
2018/12/13, , 14, 19, 24, 2, 
2018/12/18, , 39, 17, 30, 1, 
2018/12/21, , 20, 28, 20, 9, 
2018/7/11, , 20, 49, 10, 1, 
2018/7/31, , 22, 64, 8, 1, 
2018/9/7, , 18, 47, 25, 2, 
2018/9/8, , 18, 49, 16, 1, 
2018/9/11, , 21, 49, 12, 2, 
2018/5/23, , 14, 41, 6, 1, 
2018/6/19, , 15, 47, 9, , 
2018/2/23, , 10, 26, 12, , 
2018/3/30, , 10, 36, 8, , 
2017/11/7, , 16, 17, 20, , 
2017/12/15, , 13, 18, 27, , 
2017/12/30, , 30, 6, 19, , 
2017/7/3, , 13, 37, 10, , 
2017/7/21, , 22, , , , 
2017/7/23, , 25, 35, 6, , 
2017/8/30, , 23, , 13, , 
2017/9/8, , 16, 35, 13, , 
2017/6/2, , 18, 40, 8, , 
2017/6/3, , 16, 36, 6, , 
2017/6/4, , 16, 35, 8, , 
2017/6/5, , 15, 36, 11, , 
2017/1/2, , 15, , , , 
2017/1/22, , 9, 32, 9, , 
2017/2/8, , 10, 32, 6, , 
2017/3/12, , 25, 37, 38, , 
2017/3/15, , 32, 40, , , 
2019/2/25, , , 29, 34, 2, 
2018/5/21, , , 29, 9, , 
2018/5/22, , , 43, 12, , 
2018/6/17, , , 45, 19, 1, 
2018/6/18, , , 54, 11, 1, 
2017/7/1, , , 33, 20, , 
2017/7/2, , , 33, 20, , 
2024/4/30, , , , 6, , 
2024/5/1, , , , 5, , 
2023/6/14, , , , 7, , 
2022/10/4, , , , 16, , 
2022/10/5, , , , 12, , 
2022/10/28, , , , 22, , 
2022/10/29, , , , 24, , 
2022/10/30, , , , 25, , 
2022/7/10, , , , 7, , 
2022/9/13, , , , 7, , 
2021/8/14, , , , 10, , 
2021/8/15, , , , 6, , 
2021/6/21, , , , 5, , 
2021/6/22, , , , 6, , 
2020/8/11, , , , 11, , 
2020/8/12, , , , 9, , 
2019/12/31, , , , 29, , 
2019/7/9, , , , 10, , 
2020/2/1, , , , , , 
2020/2/2, , , , , , 
2020/3/2, , , , , , 
2020/3/3, , , , , , 
2020/3/4, , , , , , 
2019/7/7, , , , , , 
2019/7/8, , , , , , 